SKU,Available,Product,Strain,Price,Cost,Category,Tags,Type,Isretired,Lineage,Distillation,Allergens,Brand,Mastercategory,Netweight,Productgrams,Regulatorycategory,Size,Taxable,THCcontent,UPC,Vendor
16687A,1,Rose | Hybrid | 2g Disposable Vape | 77 Extracts,Rose,20,10,Vape Cartridges,Disposable,Quantity,No,,,,77 Extracts,Vape Cartridges,,2g,Concentrate,,Yes,,,
04F59D,7,Dante's Inferno | Indica | 2g Disposable Vape | 77 Extracts,Dante's Inferno,20,10,Vape Cartridges,Disposable,Quantity,No,,,,77 Extracts,Vape Cartridges,,2g,Concentrate,,Yes,,,Life of Riley LLC
30C36E,2,Meat Breath | Indica | 2g Disposable Vape | 77 Extracts,Meat Breath,20,10,Vape Cartridges,Disposable,Quantity,No,,,,77 Extracts,Vape Cartridges,,2g,Concentrate,,Yes,,,Life of Riley LLC
32549F,0,Oreoz | Hybrid | 2g Disposable Vape | 77 Extracts,OREOZ,20,10,Vape Cartridges,Disposable,Quantity,No,,,,77 Extracts,Vape Cartridges,,2g,Concentrate,,Yes,,,Life of Riley LLC
67216D,0,Runtz | Hybrid | 2g Disposable Vape | 77 Extracts,,20,10,Vape Cartridges,Disposable,Quantity,No,,,,77 Extracts,Vape Cartridges,,2g,Concentrate,,Yes,,,Life of Riley LLC
01077D,2,Bubble Gum OG | Indica | 2G  Disposable | Cure Injoy,,27,13,Vape Cartridges,Disposable,Quantity,No,,,,Cure Injoy,Vape Cartridges,,2g,,,Yes,,,"Green Country Research, Inc."
238EEF,1,Cure Injoy - 2G - Disposable - Papaya Kush,,27,13,Vape Cartridges,Disposable,Quantity,No,,,,Cure Injoy,Vape Cartridges,,2g,Concentrate,,Yes,,,"Green Country Research, Inc."
0A1D8B,0,Cure Injoy - 2G - Disposable - Pink Panties,,27,13,Vape Cartridges,Disposable,Quantity,No,,,,Cure Injoy,Vape Cartridges,,2g,,,Yes,,,"Green Country Research, Inc."
C9D5C7,0,Cure Injoy - 2G - Disposable - RS11,,27,13,Vape Cartridges,Disposable,Quantity,No,,,,Cure Injoy,Vape Cartridges,,2g,Concentrate,,Yes,,,"Green Country Research, Inc."
5F73DD,0,Cure Injoy - 2G - Disposable - Strawnana,,27,13,Vape Cartridges,Disposable,Quantity,No,,,,Cure Injoy,Vape Cartridges,,2g,,,Yes,,,"Green Country Research, Inc."
70509165,0,Lemon Breath | Hybrid | Flower | Pott County Boys,,5,0.87,Flower,Flower,Weight,No,,,,Pott County Boys,Flower,,,Flower/Bud,,Yes,17.57%,,Pot County Boys llp
07698616,0,Cadillac Rainbow | Hybrid | Flower | Pott County Boys,,5,0.87,Flower,Flower,Weight,No,,,,Pott County Boys,Flower,,,Flower/Bud,,Yes,21.74%,,Pot County Boys llp
49652342,0,White Truffle | Indica |  Flower | Pott County Boys,WHITE TRUFFLE,5,1.31,Flower,Flower,Weight,No,,,,Pott County Boys,Flower,,,Flower/Bud,,Yes,25.45%,,Pot County Boys llp
53291427,0,Kush Mints| Hybrid | Flower | Pott County Boys,KUSH MINTS,5,1.18,Flower,Flower,Weight,No,,,,Pott County Boys,Flower,,,Flower/Bud,,Yes,21.25%,,Pot County Boys llp
27520980,0,Ooh La La | Hybrid | Flower | Pott County Boys,Ooh La La,5,0.87,Flower,Flower,Weight,No,,,,Pott County Boys,Flower,,,Flower/Bud,,Yes,23.78%,,Pot County Boys llp
79162989,0,Chem de la Chem | Sativa | Flower | Pott County Boys,Chem de la Chem,5,1.31,Flower,Flower,Weight,No,,,,Pott County Boys,Flower,,,Flower/Bud,,Yes,21.50%,,Pot County Boys llp
13011899,0,Lemonage | Sativa | Flower | Pott County Boys,Lemonage,5,1,Flower,Flower,Weight,No,,,,Pott County Boys,Flower,,,Flower/Bud,,Yes,15.50%,,Pot County Boys llp
27560477,0,Chem de la Chem  | Sativa | Pre- Roll | Pott County Boys,Chem de la Chem,3,0.01,Pre-Rolls,Pre-Roll,Quantity,No,,,,Pott County Boys,Flower,,1g,Flower/Bud,,Yes,16.01%,,Pot County Boys llp
48825941,0,Jamaican Dream | Sativa |  Pre-Roll | Pott County Boys,Jamaican Dream,3,0.01,Pre-Rolls,Pre-Roll,Quantity,No,,,,Pott County Boys,Flower,,1g,Flower/Bud,,Yes,19.01%,,Pot County Boys llp
40884364,42,Nothing But Net | Indica | Flower | Diamond Dust,Nothing But Net,10,2.21,Flower,Flower,Weight,No,,,,Diamond Dust,Flower,,,Flower/Bud,,Yes,,,"Diamond Dust Farms, LLC"
71126722,0,Pluto | Indica | Flower | Diamond Dust,Pluto,10,2,Flower,Flower,Weight,No,,,,Diamond Dust,Flower,,,Flower/Bud,,Yes,,,"Diamond Dust Farms, LLC"
23912603,1,"Assorted Gummies | 1,000mg | Ruby Mae's",Multi Harvest,30,9,Edibles,Gummies,Quantity,No,,,,Ruby Mae's,Edibles,2.9,81.2g,Edible,,Yes,,,"Ruby Mae's, LLC"
87848801,3,"Strawberry Gummies | 1,000mg | Ruby Mae's",Multi Harvest,30,9,Edibles,Gummies,Quantity,No,,,,Ruby Mae's,Edibles,2.9,1g,Edible,,Yes,,,"Ruby Mae's, LLC"
27116214,0,"Green Apple Gummies | 1,000mg | Ruby Mae's",Multi Harvest,30,9,Edibles,Gummies,Quantity,No,,,,Ruby Mae's,Edibles,2.9,1g,Edible,,Yes,,,"Ruby Mae's, LLC"
85825881,4,"Sour Watermelon Gummies | 1,000mg | Ruby Mae's",Multi Harvest,30,9,Edibles,Gummies,Quantity,No,,,,Ruby Mae's,Edibles,2.9,1g,Edible,,Yes,,,"Ruby Mae's, LLC"
24676175,1,"Black Cherry Gummies | 1,000mg | Ruby Mae's",Multi Harvest,30,9,Edibles,Gummies,Quantity,No,,,,Ruby Mae's,Edibles,2.9,1g,Edible,,Yes,,,"Ruby Mae's, LLC"
55644832,22.5,Pablo's Revenge | Hybrid |  Flower | Nugz,Pablo's Revenge,7,2.2,Flower,Flower,Weight,No,,,,Nugz,Flower,,,Flower/Bud,,Yes,,,Grassfire LLC
23940625,22.5,Runtz 45 | Hybrid |  Flower | Nugz,Runtz 45,7,2.2,Flower,Flower,Weight,No,,,,Nugz,Flower,,,Flower/Bud,,Yes,,,Grassfire LLC
49766883,8,Terrpon | 75mg | Suppositories,,25,15,Suppositories,,Quantity,No,,,,Terppon,Infused Non-Edible,3,3g,,,Yes,,,Arcadia Brands LLC
10847834,2,RX3 | Temple Ball and Square,,25,15,Hash,,Quantity,No,,,,Hopper's,Concentrates,,1g,Concentrate,,Yes,,,Arcadia Brands LLC
78072823,0,Popcorn | 560mg | Country Cannabis,Multi Harvest,15,6,Edibles,,Quantity,No,,,,Country Cannabis,Edibles,56,5.6g,Edible,,Yes,,,Big Country Investment Group Corp.
38773396,0,Gastro Pop | Indica | Dab | 77 Extracts,Gastro Pop,6,3,BHO,Dabs,Quantity,No,,,,77 Extracts,Concentrates,,1g,Concentrate,,Yes,,,Life of Riley LLC
24905485,4,MAC Runtz | Hybrid | Dab | 77 Extracts,MAC Runtz,6,3,BHO,Dabs,Quantity,No,,,,77 Extracts,Concentrates,,1g,Concentrate,,Yes,,,Life of Riley LLC
90538813,1,Sugar Biscuit | Indica | Dab | 77 Extracts,Sugar Biscuit,6,3,BHO,Dabs,Quantity,No,,,,77 Extracts,Concentrates,1,1g,Concentrate,,Yes,,,Life of Riley LLC
33581344,1,Electric Lemon | 25mg | Country Cannabis,Multi Harvest,7,0.01,Edibles,Soda,Quantity,No,,,,Country Cannabis,Edibles,12,0.25g,Edible,,Yes,,,Big Country Investment Group Corp.
53794604,68.2,Dough Nutty | Sativa |  Flower | Diamond Dust,Dough Nutty,7,2.22,Flower,Flower,Weight,No,,,,Diamond Dust,Flower,,,Flower/Bud,,Yes,,,"Diamond Dust Farms, LLC"
25413185,64,Apple| Infused | Pre-Roll | Hu$hie$,Multi Harvest,8,4,Infused Pre-Rolls,Infused Pre-Roll,Quantity,No,,,,Hu$hie$,Concentrates,,1g,Concentrate,,Yes,,,"Banger Willis, LLC"
59433865,7,Orange Cream | 2400mg | Gummies | Arcadia,Multi Harvest,45,20.25,Edibles,Gummies,Quantity,No,,,,Arcadia,Edibles,2.8,2.4g,,,Yes,,,Arcadia Brands LLC
49393711,9,SummerBerry | 2400mg | Gummies | Arcadia,Multi Harvest,45,20.25,Edibles,Gummies,Quantity,No,,,,Arcadia,Edibles,2.8,80g,Edible,,Yes,,,Arcadia Brands LLC
92130523,7,Strawberry | 2400mg | Gummies | Arcadia,Multi Harvest,45,20.25,Edibles,Gummies,Quantity,No,,,,Arcadia,Edibles,2.8,80g,Edible,,Yes,,,Arcadia Brands LLC
76487011,10,Peach | 2400mg | Gummies | Arcadia,Multi Harvest,45,20.25,Edibles,Gummies,Quantity,No,,,,Arcadia,Edibles,2.8,2.4g,Edible,,Yes,,,Arcadia Brands LLC
83068098,9,Orange Cream | 1200mg | Gummies | Arcadia,Multi Harvest,30,12.96,Edibles,Gummies,Quantity,No,,,,Arcadia,Edibles,2.36,1.2g,Edible,,Yes,,,Arcadia Brands LLC
24141525,10,Green Apple | 1200mg | Gummies | Arcadia,Multi Harvest,30,12.96,Edibles,Gummies,Quantity,No,,,,Arcadia,Edibles,2.36,1.2g,Edible,,Yes,,,Arcadia Brands LLC
26294141,10,Blue Raspberry | 1200mg | Gummies | Arcadia,Multi Harvest,30,12.96,Edibles,Gummies,Quantity,No,,,,Arcadia,Edibles,2.36,1.2g,Edible,,Yes,,,Arcadia Brands LLC
95689442,8,Mango | 600mg | Gummies | Arcadia,Multi Harvest,12,5,Edibles,Gummies,Quantity,No,,,,Arcadia,Edibles,0.7,0.6g,Edible,,Yes,,,Arcadia Brands LLC
90938724,9,Summerberry | 600mg | Gummies | Arcadia,Multi Harvest,12,5,Edibles,Gummies,Quantity,No,,,,Arcadia,Edibles,0.7,0.6g,Edible,,Yes,,,Arcadia Brands LLC
62379871,9,Strawberry | 600mg | Gummies | Arcadia,Multi Harvest,12,5,Edibles,Gummies,Quantity,No,,,,Arcadia,Edibles,0.7,0.6g,Edible,,Yes,,,Arcadia Brands LLC
14367673,9,Green Apple | 600mg | Gummies | Arcadia,Multi Harvest,15,5,Edibles,Gummies,Quantity,No,,,,Arcadia,Edibles,0.7,0.6g,Edible,,Yes,,,Arcadia Brands LLC
77858777,3,THCv | 600mg | Gummies | Arcadia,Multi Harvest,40,16.86,Edibles,Gummies,Quantity,No,,,,Arcadia,Edibles,33,0.6g,Edible,,Yes,,,Arcadia Brands LLC
66395494,8,Tropical Fruit  | 250mg | Gummies | Arcadia,Multi Harvest,12,4.55,Edibles,Gummies,Quantity,No,,,,Arcadia,Edibles,55,0.25g,Edible,,Yes,,,Arcadia Brands LLC
10288807,3,Ocean Water  | 250mg | Gummies | Arcadia,Multi Harvest,12,4.55,Edibles,Gummies,Quantity,No,,,,Arcadia,Edibles,55,0.25g,Edible,,Yes,,,Arcadia Brands LLC
89673086,8,Chocolate Bites | 300mg | Likewise,Multi Harvest,15,6.5,Edibles,,Quantity,No,,,,Likewise,Edibles,45,0.3g,Edible,,Yes,,,Arcadia Brands LLC
04171257,12,Strawberries and Cream | GO 3.5 | Pollen Nation,Strawberries and Cream,0.01,0.01,Flower,,Quantity,No,,,,,Flower,,3.5g,Flower/Bud,,Yes,,,
76240216,8,Key Lime Pie | 1200mg | Gummies | Arcadia,Multi Harvest,30,12.96,Edibles,Gummies,Quantity,No,,,,Arcadia,Edibles,2.36,1.2g,Edible,,Yes,,,Arcadia Brands LLC
21227681,4,Sea Salt Caramels | 1000mg | Likewise,Multi Harvest,25,6.5,Edibles,,Quantity,No,,,,Likewise,Edibles,45,0.3g,Edible,,Yes,,,Arcadia Brands LLC
83319185,0,Gambo | Indica | Dab | 77 Extracts,Gambo,6,3,BHO,Dabs,Quantity,No,,,,,Concentrates,,1g,Concentrate,,Yes,,,
67107832,0,Chronic Widow | Indica | Dab | 77 Extracts,Gastro Pop,6,3,BHO,Dabs,Quantity,No,,,,77 Extracts,Concentrates,,1g,Concentrate,,Yes,,,Life of Riley LLC
89926894,0,Big League Choo  | Indica | Flower |  Green Dynasty,Big League Choo,5,3.62,Flower,Flower,Weight,No,,,,Green Dynasty,Flower,,,Flower/Bud,,Yes,,,Green Dynasty LLC
04662253,61,$5 Hemp Wrap,,5,2.5,Papers,,Quantity,No,,,,,Smokeshop,,0g,,,Yes,,,
81834860,24,OG Chillum,,3,0.01,Smokeshop,,Quantity,No,,,,,Smokeshop,,,,,Yes,,,
77029045,9,Mini Bic,,2,,Smokeshop,,Quantity,No,,,,,Smokeshop,,,,,Yes,,,
71789591,3.9,Sherbert | Indica |  Flower | Nugz,Sherbert,7,2.2,Flower,Flower,Weight,No,,,,Nugz,Flower,,,Flower/Bud,,Yes,,,Grassfire LLC
52224971,1,XS Bones | Desserted Dogg,,25,12,Hemp,,Quantity,No,,,,,Smokeshop,,,,,Yes,,,
90820390,0,XS Sausage | Desserted Dogg,,25,12,Hemp,,Quantity,No,,,,,Smokeshop,,,,,Yes,,,
44936131,3,XS Sasauge | Desserted Dogg,,25,12,Hemp,,Quantity,No,,,,,Smokeshop,,,,,Yes,,,
59554804,6,XS Beef Liver | Desserted Dogg,,35,16,Hemp,,Quantity,No,,,,,Smokeshop,,,,,Yes,,,
81825178,52,Tincture | Desserted Dogg,,40,18,Hemp,,Quantity,No,,,,,Smokeshop,,,,,Yes,,,
52328699,0,Loose Bones | Desserted Dogg,,1,0.5,Hemp,,Quantity,No,,,,,Smokeshop,,,,,Yes,,,
91482187,1,GEN 1 | Indubious,,30,17,Smokeshop,,Quantity,No,,,,,Smokeshop,,,,,Yes,,,
07276202,1,GEN 4 | Indubious,,35,17,Smokeshop,,Quantity,No,,,,,Smokeshop,,,,,Yes,,,
74451761,0,GEN 2 | Indubious,,40,18,Smokeshop,,Quantity,No,,,,,Smokeshop,,,,,Yes,,,
96054741,1,Bubbler | Indubious,,50,22,Smokeshop,,Quantity,No,,,,,Smokeshop,,,,,Yes,,,
72987309,0,Grinder | Indubious,,40,17,Smokeshop,,Quantity,No,,,,,Smokeshop,,,,,Yes,,,
38499078,1,Phone Lighter | Indubious,,20,10,Smokeshop,,Quantity,No,,,,,Smokeshop,,,,,Yes,,,
58420163,1,Quick Hit  | Indubious,,25,12,Smokeshop,,Quantity,No,,,,,Smokeshop,,,,,Yes,,,
39168505,1,Quick Pack | Indubious,,20,10,Smokeshop,,Quantity,No,,,,,Smokeshop,,,,,Yes,,,
GB,5,Grow Bags | MushroomsOK,,25,12.5,Smokeshop,,Quantity,No,,,,,Smokeshop,,,,,Yes,,,
85578817,6,Gourmet  Syringe | MushroomsOK,,25,12.5,Smokeshop,,Quantity,No,,,,,Smokeshop,,,,,Yes,,,
16340206,31.5,MODIFIED GRAPES | Indica | Flower |  Green Dynasty,Glitter Bomb,0,0.01,Flower,Flower,Weight,No,,,,Green Dynasty,Flower,,,Flower/Bud,,Yes,,,Green Dynasty LLC
99197315,0,GELATO 41 | Hybrid | Flower Method,GELATO 41,0,1.75,Flower,Flower,Weight,No,,,,Method,Flower,,,Flower/Bud,,Yes,,,Method Labs LLC
64792396,0,Pink Sunset | Indica | Flower | Method,Pink Sunset,5,,Flower,,Weight,No,,,,Method,Flower,,,,,Yes,,,Method Labs LLC
37313534,2,GRAMMIES BLUNT PREROLL,,20,,Infused Blunts,,Quantity,No,,,,,Concentrates,,0.25g,,,Yes,,,
11923894,18,STRELKA | Hash Hits FIVE PACK | BUBBLEMAN,STRELKA | FIVE PACK | BUBBLEMAN,25,12,Hash,,Quantity,No,,,,,Concentrates,,1g,Concentrate,,Yes,,,Hall of Dank
95267186,14,MIKES STRAWBERRY LEMONADE | Hash Hits FIVE PACK | BUBBLEMAN,Mike's Strawberry Lemonade,25,12,Hash,,Quantity,No,,,,,Concentrates,,1g,,,Yes,,,Hall of Dank
70789134,20,SHOCKWAVE | Hash Hits FIVE PACK | BUBBLEMAN,Shockwave,25,12,Hash,,Quantity,No,,,,,Concentrates,,1g,Concentrate,,Yes,,,Hall of Dank
88931226,2,MIKES STRAWBERRY LEMONADE | Hash Hits SINGLES | BUBBLEMAN,Mike's Strawberry Lemonade,6,2.75,Hash,,Quantity,No,,,,,Concentrates,,0.2g,,,Yes,,,Hall of Dank
80245616,8,STRELKA | Hash Hits SINGLES | BUBBLEMAN,Strelka,6,2.75,Hash,,Quantity,No,,,,,Concentrates,,0.2g,Concentrate,,Yes,,,
68741627,3,SHOCKWAVE | INDICA | Hash Hits  SINGLE | BUBBLEMAN,Shockwave,5,2.75,Hash,,Quantity,No,,,,,Concentrates,,1g,Concentrate,,Yes,,,
26763649,0,Qrazy Train | Hybrid | Rosin Roll,Qrazy Queen,16,8,Infused Pre-Rolls,,Quantity,No,,,,,Concentrates,,1g,Concentrate,,Yes,,,Hall of Dank
27159371,0,Cookie Dough | Indica | Rosin Roll,Cookie Dough,16,8,Infused Pre-Rolls,,Quantity,No,,,,,Concentrates,,1g,,,Yes,,,Hall of Dank
78697127,0,Greasy Grape | Indica | Rosin Roll,Greasy Grape,16,8,Infused Pre-Rolls,,Quantity,No,,,,,Concentrates,,1g,Concentrate,,Yes,,,
93972749,0,Chernobyl | Indica | Rosin Roll,Chernobyl,16,8,Infused Pre-Rolls,,Quantity,No,,,,,Concentrates,,1g,Concentrate,,Yes,,,
50859878,13,Scotty 2 Hotty | Indica Hybrid | Flower | HOD,Scotty 2 Hotty,7,225,Flower,,Weight,No,,,,,Flower,,,,,Yes,,,Hall of Dank
02966396,49.5,Shockwave | Indica  | Flower | HOD,Shockwave,0,225,Flower,,Weight,No,,,,,Flower,,,,,Yes,,,Hall of Dank
55983522,47.5,Strelka | Sativa  | Flower | HOD,Strelka,0,225,Flower,,Weight,No,,,,,Flower,,,,,Yes,,,Hall of Dank
98694254,0,Mikes Strawberry Lemonade | Hybrid | Flower | HOD,Mike's Strawberry Lemonade,7,225,Flower,,Weight,No,,,,,Flower,,,,,Yes,,,Hall of Dank
58832730,1,Greasy Grape | Indica | 0.5g SHO Vape | HOD,Greasy Grape,36,18,Disposable Vape,,Quantity,No,,,,,Vape Cartridges,,0.5g,,,Yes,,,
82584205,2,Okie Orange | Hybrid | 0.5g SHO Vape | HOD,Okie Orange,36,18,Disposable Vape,,Quantity,No,,,,,Vape Cartridges,,0.5g,,,Yes,,,Hall of Dank
56642082,0,Qrazy Queen  | Hybrid | 0.5g SHO Vape | HOD,Qrazy Queen,36,18,Disposable Vape,,Quantity,No,,,,,Vape Cartridges,,0.5g,,,Yes,,,Hall of Dank
75369695,4,Black Cherry Pie | Hybrid | 0.5g SHO Vape | HOD,Black Cherry Pie,36,18,Disposable Vape,,Quantity,No,,,,,Vape Cartridges,,0.5g,,,Yes,,,Hall of Dank
73649274,0,Diamond Gelato | Indica | 0.5g SHO Vape | HOD,Diamond Gelato,36,18,Disposable Vape,,Quantity,No,,,,,Vape Cartridges,,0.5g,,,Yes,,,Hall of Dank
08683324,1,Grape | 250mg Gummies | Red Dirt,Multi Harvest,8,4,Edibles,Gummies,Quantity,No,,,,Red Dirt,Edibles,,0.25g,,,Yes,,,Green Infusion LLC
37026744,3,RSO | Red Dirt,Multi Harvest,12,6,Edibles,,Quantity,No,,,,Red Dirt,Edibles,,1g,,,Yes,,,Green Infusion LLC
99476103,2,Pineapple | 250mg Gummies | Red Dirt,Multi Harvest,8,4,Edibles,Gummies,Quantity,No,,,,Red Dirt,Edibles,,0.25g,,,Yes,,,Green Infusion LLC
69571269,7,Cubano | Vibes,,5,0.01,Smokeshop,,Quantity,No,,,,,Smokeshop,,,,,Yes,,,
37637401,8,1 1/4 Papers |  Vibes,,3,0.01,Smokeshop,,Quantity,No,,,,,Smokeshop,,,,,Yes,,,
55254865,1,Rice Papers |  Vibes,,3,0.01,Smokeshop,,Quantity,No,,,,,Smokeshop,,,,,Yes,,,
04902560,1,Hemp Papers |  Vibes,,3,0.01,Smokeshop,,Quantity,No,,,,,Smokeshop,,,,,Yes,,,
38978893,4,Hemp Gummies | Canna Complex,,30,0.01,Hemp,,Quantity,No,,,,,Smokeshop,,,,,Yes,,,
40368316,3,510 Battery,,10,0.01,Smokeshop,,Quantity,No,,,,,Smokeshop,,,,,Yes,,,
86535808,1,Grinder,,10,0.01,Smokeshop,,Quantity,No,,,,,Smokeshop,,,,,Yes,,,
41204421,0,BERMUDA TRIANGE | hYBRID | PRE-ROLL | POTT COUNTY BOYS,Bermuda Triangle,3,1,Pre-Rolls,,Quantity,No,,,,,Flower,,1g,,,Yes,,,Pot County Boys llp
25327623,0,GMO | INDICA | PRE-ROLL | POTT COUNTY BOYS,GMO,3,1,Pre-Rolls,,Quantity,No,,,,,Flower,,1g,,,Yes,,,Pot County Boys llp
93761927,0,TERPLERAIN | HYBRID | PRE-ROLL | POTT COUNTY BOYS,TERPLERAIN,3,1,Pre-Rolls,,Quantity,No,,,,,Flower,,1g,,,Yes,,,Pot County Boys llp
71111820,39,Fish Bowl | Sativa | Mowdy,,10,100,Flower,,Weight,No,,,,Mowdy Farms,Flower,,,,,Yes,,,
05885344,0,Apples and Bananas | Hybrid Flower | Mowdy,,0,,Flower,,Weight,No,,,,,Flower,,,,,Yes,,,
56967274,93,Georgia Asphalt,,10,,Flower,,Weight,No,,,,,Flower,,,,,Yes,,,
50227232,0,Whoopie Pie | Indica | Grammies Bleezies | Method,Whoopie Pie,20,10,Infused Blunts,,Quantity,No,,,,,Concentrates,,4g,Concentrate,,Yes,,,
46809955,0,Tropic Gelato | Indica | Grammies Bleezies | Method,Tropic Gelato,20,10,Infused Blunts,,Quantity,No,,,,,Concentrates,,4g,Concentrate,,Yes,,,
58410695,0,Yuzu Sherbert | Hybrid | Grammies Bleezies | Method,Yuzu Sherbert,20,10,Infused Blunts,,Quantity,No,,,,,Concentrates,,4g,Concentrate,,Yes,,,
09743121,5,Dab Straw | Nectar Collector,,5,2,Smokeshop,,Quantity,No,,,,,Smokeshop,,,,,Yes,,,
17217580,0,TRUFFLE MINTS PRE-ROLL,,3,1,Pre-Rolls,,Quantity,No,,,,,Flower,,1g,,,Yes,,,
25275688,0,HAWAIIAN BY NIGHT | INDICA FLOWER | LAWLESS,HAWAIIAN BY NIGHT,7,114,Flower,,Weight,No,,,,,Flower,,,,,Yes,,,LAWLESS
74811471,0,GUSHERS | FLOWER | LAWLESS,GUSHERS,10,126.54,Flower,,Weight,No,,,,,Flower,,,Flower/Bud,,Yes,,,
04640436,0,GAZURPLE | HYBRID FLOWER | LAWLESS,GAZURPLE,10,126.54,Flower,,Weight,No,,,,,Flower,,,,,Yes,,,LAWLESS
20567369,0,WHITE MARKET GELATO | FLOWER | LAWLESS,WHITE MARKET GELATO,5,454,Flower,,Weight,No,,,,,Flower,,,Flower/Bud,,Yes,,,
28209548,0,GRAPE BISCOTTI | INDICA | FLOWER,GRAPE BISCOTTI,8.19,114,Flower,,Weight,No,,,,,Flower,,,,,Yes,,,LAWLESS
01135333,0,CRYO WOLF | FP INFUSED PRE ROLL | RUBY MAE,CRYO WOLF,25,13.5,Infused Pre-Rolls,,Quantity,No,,,,,Concentrates,,2.5g,,,Yes,,,
98615356,4,25 MG CARAMELS | 10 PK | LIKEWISE,,12,0.01,Edibles,,Quantity,No,,,,,Edibles,,250g,,,Yes,,,Arcadia Brands LLC
63916892,0,PARTY PACK | 40MG SATIVA SINGLE | ARCADIA LABS,,5,0.01,Edibles,,Quantity,No,,,,,Edibles,,40g,,,Yes,,,
24908638,2,PARTY PACK | 40MG INDICA SINGLE | ARCADIA LABS,,5,0.01,Edibles,,Quantity,No,,,,Arcadia,Edibles,,40g,,,Yes,,,Arcadia Brands LLC
58381934,0,CHOCOLATE | INFUSED PRE ROLL SINGLES | THUNDER WALKER,,5,2.5,Infused Pre-Rolls,,Quantity,No,,,,,Concentrates,,1g,,,Yes,,,
37942110,0,LEMON | INFUSED PRE ROLL SINGLE | THUNDER WALKER,,5,2.5,Infused Pre-Rolls,,Quantity,No,,,,,Concentrates,,1g,,,Yes,,,
02389876,0,THUNDER KATS | INFUSED PRE ROLL SINGLES | THUNDER WALKER,,5,2.5,Infused Pre-Rolls,,Quantity,No,,,,,Concentrates,,1g,,,Yes,,,
26665060,0,BERRY | INFUSED PRE ROLL SINGLE | THUNDER WALKER,,5,2.5,Infused Pre-Rolls,,Quantity,No,,,,,Concentrates,,1g,,,Yes,,,
63751577,0,WATERMELON | INFUSED PRE ROLL SINGLE | THUNDER WALKER,,5,2.5,Infused Pre-Rolls,,Quantity,No,,,,,Concentrates,,1g,,,Yes,,,
46879668,1,CHOCOLATE | INFUSED PRE ROLL 5 PACK | THUNDER WALKER,,20,10,Infused Pre-Rolls,,Quantity,No,,,,,Concentrates,,5g,,,Yes,,,
49940478,0,LEMON | INFUSED PRE ROLL 5 PACK | THUNDER WALKER,,20,10,Infused Pre-Rolls,,Quantity,No,,,,,Concentrates,,5g,,,Yes,,,
77926235,0,THUINDER KATS | INFUSED PRE ROLL 5 PACK | THUNDER WALKER,,20,10,Infused Pre-Rolls,,Quantity,No,,,,,Concentrates,,5g,,,Yes,,,
86124264,0,BERRY | INFUSED PRE ROLL 5 PACK | THUNDER WALKER,,20,10,Infused Pre-Rolls,,Quantity,No,,,,,Concentrates,,5g,,,Yes,,,
71816400,0,WATERMELON | INFUSED PRE ROLL 5 PACK | THUNDER WALKER,,20,10,Infused Pre-Rolls,,Quantity,No,,,,,Concentrates,,5g,,,Yes,,,
94232412,0,LEMONAGE | SATIVA | PRE-ROLL | POTT COUNTY BOYS,GMO,3,1,Pre-Rolls,,Quantity,No,,,,,Flower,,1g,,,Yes,,,Pot County Boys llp
44244771,0,TRUFFLE MINTS | INDICA | PRE-ROLL | POTT COUNTY BOYS,GMO,3,1,Pre-Rolls,,Quantity,No,,,,,Flower,,1g,,,Yes,,,Pot County Boys llp
83528435,9,1000MG CHOCOLATE BAR | LAWLESS,,30,15,Edibles,,Quantity,No,,,,LAWLESS,Edibles,,1000g,,,Yes,,,LAWLESS
96391693,0,STRAWBERRIES N CREAM | SATIVA | FLOWER | POLLEN NATION,STRAWBERRIES N CREAM,5,1,Flower,,Weight,No,,,,,Flower,,,,,Yes,,,Pollen Nation Cultivation LLC
71356308,0,SUPERBOOF | HYBRID | FLOWER | DC PREMIER,SUPERBOOF,10,2,Flower,,Weight,No,,,,,Flower,,,,,Yes,,,DC PREMIER
15924080,0,SHERBERT GMO | INDICA HYBRID | FLOWER | DC PREMIER,SHERBERT GMO,10,2,Flower,,Weight,No,,,,,Flower,,,,,Yes,,,DC PREMIER
49027451,0,BLUEBERRY MUFFIN | INDICA | FLOWER | DC PREMIER,Blueberry Muffins,7,,Flower,,Weight,No,,,,,Flower,,,,,Yes,,,DC PREMIER
82183295,3,CHIMERA | INFUSED PREROLL | RUBY MAES,CHIMERA,13,7,Infused Pre-Rolls,,Quantity,No,,,,Ruby Mae's,Concentrates,,1g,,,Yes,,,"Ruby Mae's, LLC"
74198249,7,WILD BERRY FUMES | INFUSED PRE ROLL | RUBY MAES,,13,7,Infused Pre-Rolls,,Quantity,No,,,,,Concentrates,,1g,,,Yes,,,
39181923,0,JEALOUSY | HYBRID | 5PK | RUBY MAES,JEALOUSY,20,12,Infused Pre-Rolls,,Quantity,No,,,,Ruby Mae's,Concentrates,,2.5g,,,Yes,,,"Ruby Mae's, LLC"
43878559,0,TROPICAL CAKE | INDICA | PREROLL | POTT COUNTY BOYS,TROPICAL CAKE,3,1,Pre-Rolls,,Quantity,No,,,,,Flower,,1g,,,Yes,,,Pot County Boys llp
22285440,0,DONNY BURGER | INDICA | INFUSED PREROLL | SESH,DONNY BURGER,8,2,Infused Pre-Rolls,,Quantity,No,,,,,Concentrates,,1g,,,Yes,,,SESH CONFIDENTIAL LLC
68597908,24,SOUR DURBAN | SATIVA | INFUSED PRE ROLL | SESH,,8,2,Infused Pre-Rolls,,Quantity,No,,,,,Concentrates,,1g,,,Yes,,,
97420307,9,100 MG | BLUEBERRY PEACH GUMMIES | NATURES KEY,,10,5,Edibles,,Quantity,No,,,,,Edibles,74,0.25g,Edible,,Yes,,,NATURES KEY
23724936,10,100 MG | BLUEBERRY LEMON GUMMIES | NATURES KEY,,10,5,Edibles,,Quantity,No,,,,,Edibles,74,0.25g,Edible,,Yes,,,NATURES KEY
47822115,9,100 MG | CHERRY APPLE GUMMIES | NATURES KEY,,10,5,Edibles,,Quantity,No,,,,,Edibles,74,0.25g,Edible,,Yes,,,NATURES KEY
18315354,8,100 MG | SOUR APPLE GUMMIES | NATURES KEY,,10,5,Edibles,,Quantity,No,,,,,Edibles,74,0.25g,Edible,,Yes,,,NATURES KEY
65219084,10,2:1:1 | 400MG THC | 200MG CBD | 200MG CBG | STRAWBERRY PEACH GUMMIES | NATURES KEY,,15,8,Edibles,,Quantity,No,,,,,Edibles,,0.25g,,,Yes,,,NATURES KEY
18700646,9,1:1:1 | 200MG THC | 200MG CBD | 200MG CBG | BLUEBERRY LEMON GUMMIES | NATURES KEY,,15,8,Edibles,,Quantity,No,,,,,Edibles,,0.25g,,,Yes,,,NATURES KEY
43160424,10,25:25 | 500 MG CBD | 500 MG THC | RASPBERRY GUMMIES | NATURES KEY,,17,9,Edibles,,Quantity,No,,,,,Edibles,,0.25g,,,Yes,,,NATURES KEY
55053748,9,25:10 | 500 MG CBD | 200 MG THC | ORANGE PINEAPPLE GUMMIES | NATURES KEY,,13,7,Edibles,,Quantity,No,,,,,Edibles,,0.25g,,,Yes,,,NATURES KEY
88402967,9,25:5 | 500 MG CBD | 100 MG THC | WATERMELON GUMMIES | NATURES KEY,,13,7,Edibles,,Quantity,No,,,,,Edibles,,0.25g,,,Yes,,,NATURES KEY
96700391,9,500 MG | JUMPSTART SATIVA GUMMIES | NATURES KEY,,17,10,Edibles,,Quantity,No,,,,,Edibles,,0.25g,,,Yes,,,NATURES KEY
08301597,7,500 MG | SWEET DREAMZ INDICA GUMMIES | NATURES KEY,,17,10,Edibles,,Quantity,No,,,,,Edibles,,0.25g,,,Yes,,,NATURES KEY
34707302,6,2000 MG | SCREAMIN EAGLE GUMMIES | NATURES KEY,,28,18,Edibles,,Quantity,No,,,,,Edibles,,0.25g,,,Yes,,,NATURES KEY
40819352,6,1000 MG | MONSTER BITES GUMMIES | NATURES KEY,,24,14,Edibles,,Quantity,No,,,,,Edibles,,0.25g,,,Yes,,,NATURES KEY
21937873,8,25:50:5 | 500MG CBD | 1000MG THC | 100MG CBG | META DOSE GUMMIES | NATURES KEY,,24,14,Edibles,,Quantity,No,,,,,Edibles,,0.25g,,,Yes,,,
83398992,7,1000 MG | SOUR GREEN APPLE GUMMIES | NATURES KEY,,18,10,Edibles,,Quantity,No,,,,,Edibles,,0.25g,,,Yes,,,NATURES KEY
55812195,0,1000 MG | TROPICAL SATIVA GUMMIES | NATURES KEY,,18,10,Edibles,,Quantity,No,,,,,Edibles,,0.25g,,,Yes,,,NATURES KEY
15367984,8,1000 MG | BLUEBERRY INDICA GUMMIES | NATURES KEY,,18,10,Edibles,,Quantity,No,,,,,Edibles,,0.25g,,,Yes,,,NATURES KEY
95293274,6,1000 MG | PEACH INDICA GUMMIES | NATURES KEY,,18,10,Edibles,,Quantity,No,,,,,Edibles,,0.25g,,,Yes,,,NATURES KEY
25602760,5,1000 MG | STRAWBERRY GUMMIES | NATURES KEY,,18,10,Edibles,,Quantity,No,,,,,Edibles,,0.25g,,,Yes,,,NATURES KEY
50723253,49,BLUEBERRY INFUSED | PRE-ROLL | Hu$hie$,Multi Harvest,8,4,Infused Pre-Rolls,Infused Pre-Roll,Quantity,No,,,,Hu$hie$,Concentrates,,1g,Concentrate,,Yes,,,"Banger Willis, LLC"
27549641,49,CHERRY INFUSED | PRE-ROLL | Hu$hie$,Multi Harvest,8,4,Infused Pre-Rolls,Infused Pre-Roll,Quantity,No,,,,Hu$hie$,Concentrates,,1g,Concentrate,,Yes,,,"Banger Willis, LLC"
20380940,46,WATERMELON | INFUSED PRE-ROLL | Hu$hie$,Multi Harvest,8,4,Infused Pre-Rolls,Infused Pre-Roll,Quantity,No,,,,Hu$hie$,Concentrates,,1g,Concentrate,,Yes,,,"Banger Willis, LLC"
60684521,12,TROPICANA CHERRY | METHOD BLUNTZ,,20,10,Infused Blunts,,Quantity,No,,,,,Concentrates,,4g,,,Yes,,,Method Labs LLC
11173462,6,MAI TAI TARTZ| METHOD BLUNTZ,,20,10,Infused Blunts,,Quantity,No,,,,,Concentrates,,4g,,,Yes,,,Method Labs LLC
71347991,4,WEDDING FUNK| METHOD BLUNTZ,,20,10,Infused Blunts,,Quantity,No,,,,,Concentrates,,4g,,,Yes,,,Method Labs LLC
24911086,47,50 MG SINGLE | ASSORTED GUMMIES | CANNAFUSION,,2,0.75,Edibles,,Quantity,No,,,,,Edibles,,50g,,,Yes,,,CANNAFUSION
00146694,25,100 MG SINGLE | ASSORTED GUMMIES | CANNAFUSION,,3,1.25,Edibles,,Quantity,No,,,,,Edibles,,100g,,,Yes,,,
66881170,7,1000 MG | ASSORTED DRINKS | CANNAFUSION,,16,8,Beverages,,Quantity,No,,,,,Edibles,,1000g,,,Yes,,,CANNAFUSION
61994811,18,120 MG | ASSORTED DRINKS | CANNAFUSION,,8,4,Beverages,,Quantity,No,,,,,Edibles,,120g,,,Yes,,,CANNAFUSION
16238181,14,LONDON MARKER | FLOWER | POLLEN NATION,LONDON MARKER,10,250,Flower,,Weight,No,,,,,Flower,,,,,Yes,,,
85743608,16.4,BOTTOM BIRD | FLOWER | POLLEN NATION,BOTTOM BIRD,7,250,Flower,,Weight,No,,,,,Flower,,,,,Yes,,,Pollen Nation Cultivation LLC
21555072,1,JAY WALKER | ASSORTED BOX | TRIBE,,34,0,Infused Pre-Rolls,,Quantity,No,,,,,Concentrates,,4.4g,,,Yes,,,TRIBE EDIBLES
08790669,0,PROMO | PREROLLS | TRIBE,,0,0,Infused Pre-Rolls,,Quantity,No,,,,,Concentrates,,1g,,,Yes,,,TRIBE EDIBLES
64749001,0,GARY PAYTON | TWO 1.2 G PREROLLS | NUGZ,GARY PAYTON,10,3.5,Infused Pre-Rolls,,Quantity,No,,,,Nugz,Concentrates,,2.4g,,,Yes,,,Grassfire LLC
07358992,0,APPLES & BANANAS | TWO 1.2 G PREROLLS | NUGZ,APPLES & BANANAS,10,3.5,Infused Pre-Rolls,,Quantity,No,,,,Nugz,Concentrates,,2.4g,,,Yes,,,Grassfire LLC
98383046,0,BLUEBERRY PANCAKE | TWO 1.2 G PREROLLS | NUGZ,BLUEBERRY PANCAKE,10,3.5,Infused Pre-Rolls,,Quantity,No,,,,Nugz,Concentrates,,2.4g,,,Yes,,,Grassfire LLC
15942232,0,HASH BAR | TWO 1.2 G PREROLLS | NUGZ,HASH BAR,10,3.5,Infused Pre-Rolls,,Quantity,No,,,,Nugz,Concentrates,,2.4g,,,Yes,,,Grassfire LLC
20941630,0,GRAPE CRUSH | TWO 1.2 G PREROLLS | NUGZ,GRAPE CRUSH,10,3.5,Infused Pre-Rolls,,Quantity,No,,,,Nugz,Concentrates,,2.4g,,,Yes,,,Grassfire LLC
12809369,0,JELLY RANCHER | TWO 1.2 G PREROLLS | NUGZ,JELLY RANCHER,10,3.5,Infused Pre-Rolls,,Quantity,No,,,,Nugz,Concentrates,,2.4g,,,Yes,,,Grassfire LLC
06747563,0,LEMON ICE | TWO 1.2 G PREROLLS | NUGZ,LEMON ICE,10,3.5,Infused Pre-Rolls,,Quantity,No,,,,Nugz,Concentrates,,2.4g,,,Yes,,,Grassfire LLC
66691832,0,LEMON OG | TWO 1.2 G PREROLLS | NUGZ,LEMON OG,10,3.5,Infused Pre-Rolls,,Quantity,No,,,,Nugz,Concentrates,,2.4g,,,Yes,,,Grassfire LLC
55071376,0,MANGO OG | TWO 1.2 G PREROLLS | NUGZ,Mango OG,10,3.5,Infused Pre-Rolls,,Quantity,No,,,,Nugz,Concentrates,,2.4g,,,Yes,,,Grassfire LLC
50462899,0,PURPLE GELATO | HASH HOLE PRE ROLL | NUGZ,PURPLE GELATO,30,15,Infused Pre-Rolls,,Quantity,No,,,,Nugz,Concentrates,,2g,,,Yes,,,Grassfire LLC
79018143,0,TROPIC THUNDER | TWO 1.2 G PREROLLS | NUGZ,TROPIC THUNDER,10,3.5,Infused Pre-Rolls,,Quantity,No,,,,Nugz,Concentrates,,2.4g,,,Yes,,,Grassfire LLC
04472540,1,TROPICANA CHERRY | TWO 1.2 G PREROLLS | NUGZ,Tropicana Cherry,10,3.5,Infused Pre-Rolls,,Quantity,No,,,,Nugz,Concentrates,,2.4g,,,Yes,,,Grassfire LLC
95202944,0,TRUFFLE CAKE | TWO 1.2 G PREROLLS | NUGZ,TRUFFLE CAKE,10,3.5,Infused Pre-Rolls,,Quantity,No,,,,Nugz,Concentrates,,2.4g,,,Yes,,,Grassfire LLC
22855864,0,CADILLAC RAINBOW | FLOWER | C 3 MEDICAL,CADILLAC RAINBOW,10,,Flower,,Weight,No,,,,C 3 MEDICAL,Flower,,,,,Yes,,,C 3 MEDICAL
10309640,58.5,CONCRETE CRACK | FLOWER | C 3 MEDICAL,CONCRETE CRACK,10,,Flower,,Weight,No,,,,C 3 MEDICAL,Flower,,,,,Yes,,,C 3 MEDICAL
22725508,70,PERMANENT GAS | FLOWER | C 3 MEDICAL,PERMANENT GAS,10,,Flower,,Weight,No,,,,C 3 MEDICAL,Flower,,,,,Yes,,,C 3 MEDICAL
43022334,54,DANTES INFERNO | FLOWER | C 3 MEDICAL,DANTES INFERNO,10,,Flower,,Weight,No,,,,C 3 MEDICAL,Flower,,,,,Yes,,,C 3 MEDICAL
08045671,71,PABLOS PINEAPPLE | FLOWER | C 3 MEDICAL,PABLOS PINEAPPLE,10,,Flower,,Weight,No,,,,C 3 MEDICAL,Flower,,,,,Yes,,,C 3 MEDICAL
17565525,56.5,SOUR COOKIES | FLOWER | C 3 MEDICAL,SOUR COOKIES,10,,Flower,,Weight,No,,,,C 3 MEDICAL,Flower,,,,,Yes,,,C 3 MEDICAL
78546365,44,BLUE SLURPEE | PRE ROLL | C 3 MEDICAL,BLUE SUNSET SHERBERT,6,,Pre-Rolls,,Quantity,No,,,,C 3 MEDICAL,Flower,,1g,,,Yes,,,C 3 MEDICAL
86470586,41,CANDY KING | PRE ROLL | C 3 MEDICAL,COUNTRY CANDY,6,,Pre-Rolls,,Quantity,No,,,,C 3 MEDICAL,Flower,,1g,,,Yes,,,C 3 MEDICAL
80457844,36,BAD APPLE | PRE ROLL | C 3 MEDICAL,BAD APPLE,6,,Pre-Rolls,,Quantity,No,,,,C 3 MEDICAL,Flower,,1g,,,Yes,,,C 3 MEDICAL
16637436,43,CREAM CAKE | PRE ROLL | C 3 MEDICAL,CREAM CAKE,6,,Pre-Rolls,,Quantity,No,,,,C 3 MEDICAL,Flower,,1g,,,Yes,,,C 3 MEDICAL
47993543,38,FROZEN LEMON GRUNTZ | PRE ROLL | C 3 MEDICAL,FROZEN LEMON GRUNTZ,6,,Pre-Rolls,,Quantity,No,,,,C 3 MEDICAL,Flower,,1g,,,Yes,,,C 3 MEDICAL
10108921,44,GASTRO RUNTZ | PRE ROLL | C 3 MEDICAL,GASTRO RUNTZ,6,,Pre-Rolls,,Quantity,No,,,,C 3 MEDICAL,Flower,,1g,,,Yes,,,C 3 MEDICAL
10975658,34,HOLY HIGH | PRE ROLL | C 3 MEDICAL,HOLY HIGH,6,,Pre-Rolls,,Quantity,No,,,,C 3 MEDICAL,Flower,,1g,,,Yes,,,C 3 MEDICAL
69964682,45,KILLER HAZE | PRE ROLL | C 3 MEDICAL,KILLER HAZE,6,,Pre-Rolls,,Quantity,No,,,,C 3 MEDICAL,Flower,,1g,,,Yes,,,C 3 MEDICAL
23489246,39,KING OF THE JUNGLE | PRE ROLL | C 3 MEDICAL,KING OF THE JUNGE,6,,Pre-Rolls,,Quantity,No,,,,C 3 MEDICAL,Flower,,1g,,,Yes,,,C 3 MEDICAL
83198346,40,STUCK ON YOU | PRE ROLL | C 3 MEDICAL,STUCK ON YOU,6,,Pre-Rolls,,Quantity,No,,,,C 3 MEDICAL,Flower,,1g,,,Yes,,,C 3 MEDICAL
42447350,46,ZOO BERRY BREATH | PRE ROLL | C 3 MEDICAL,ZOO BERRY BREATH,6,,Pre-Rolls,,Quantity,No,,,,C 3 MEDICAL,Flower,,1g,,,Yes,,,C 3 MEDICAL
70747310,46,FIRST CLASS FUNK | PRE ROLL | C 3 MEDICAL,FIRST CLASS FUNK,6,,Pre-Rolls,,Quantity,No,,,,C 3 MEDICAL,Flower,,1g,,,Yes,,,C 3 MEDICAL
02049938,39,BAD GIRL | PRE ROLL | C 3 MEDICAL,BAD GIRL,6,,Pre-Rolls,,Quantity,No,,,,C 3 MEDICAL,Flower,,1g,,,Yes,,,C 3 MEDICAL
21143882,38,CADILLAC RAINBOW | PRE ROLL | C 3 MEDICAL,CADILLAC RAINBOW,6,,Pre-Rolls,,Quantity,No,,,,C 3 MEDICAL,Flower,,1g,,,Yes,,,C 3 MEDICAL
42241737,44,DAILY GRAPE | PRE ROLL | C 3 MEDICAL,DAILY GRAPE,6,,Pre-Rolls,,Quantity,No,,,,C 3 MEDICAL,Flower,,1g,,,Yes,,,C 3 MEDICAL
90067767,42,DANTES INFERNO | PRE ROLL | C 3 MEDICAL,DANTES INFERNO,6,,Pre-Rolls,,Quantity,No,,,,C 3 MEDICAL,Flower,,1g,,,Yes,,,C 3 MEDICAL
45727666,38,DREAMSICLE | PRE ROLL | C 3 MEDICAL,THE DREAMSICLE,6,,Pre-Rolls,,Quantity,No,,,,C 3 MEDICAL,Flower,,1g,,,Yes,,,C 3 MEDICAL
10402962,37,DROIDZ | PRE ROLL | C 3 MEDICAL,DROIDZ,6,,Pre-Rolls,,Quantity,No,,,,C 3 MEDICAL,Flower,,1g,,,Yes,,,C 3 MEDICAL
38510086,43,LEMON CHERRY FUNK | PRE ROLL | C 3 MEDICAL,LEMON CHERRY FUNK,6,,Pre-Rolls,,Quantity,No,,,,C 3 MEDICAL,Flower,,1g,,,Yes,,,C 3 MEDICAL
29136335,40,MAPLE PANCAKES | PRE ROLL | C 3 MEDICAL,MAPLE PANCAKE,6,,Pre-Rolls,,Quantity,No,,,,C 3 MEDICAL,Flower,,1g,,,Yes,,,C 3 MEDICAL
32810803,16,SUPER BOOF | PRE ROLL | C 3 MEDICAL,SUPERBOOF,6,,Pre-Rolls,,Quantity,No,,,,C 3 MEDICAL,Flower,,1g,,,Yes,,,C 3 MEDICAL
58737720,38,TROPICANNA COOKIES | PRE ROLL | C 3 MEDICAL,SUPERBOOF,6,,Pre-Rolls,,Quantity,No,,,,C 3 MEDICAL,Flower,,1g,,,Yes,,,C 3 MEDICAL
29129593,46,SOUR COOKIE | PRE ROLL | C 3 MEDICAL,SOUR COOKIES,6,,Pre-Rolls,,Quantity,No,,,,C 3 MEDICAL,Flower,,1g,,,Yes,,,C 3 MEDICAL
66354078,0,GHOST TRAIN HAZE | PRE ROLL | C 3 MEDICAL,GHOST TRAIN HAZE,6,,Pre-Rolls,,Quantity,No,,,,C 3 MEDICAL,Flower,,1g,,,Yes,,,C 3 MEDICAL
68797873,5,CITRUS JELLY | HASHIMALS | ROSIN | BEE | TRIBE,,22,11,SHO,,Quantity,No,,,,,Concentrate,,1g,,,Yes,,,
67028114,4,CITRUS JELLY | HASHIMALS | ROSIN | BUNNY | TRIBE,,22,11,SHO,,Quantity,No,,,,,Concentrate,,1g,,,Yes,,,TRIBE EDIBLES
75670568,3,CITRUS JELLY | HASHIMALS | ROSIN | FROG | TRIBE,,22,11,SHO,,Quantity,No,,,,,Concentrate,,1g,,,Yes,,,TRIBE EDIBLES
88170528,3,CITRUS JELLY | HASHIMALS | ROSIN | OWL | TRIBE,,22,11,SHO,,Quantity,No,,,,,Concentrate,,1g,,,Yes,,,TRIBE EDIBLES
97116718,3,FLORA | DRAGON FIRE OG | HASHIMALS | ROSIN | COSMOS | TRIBE,,22,11,SHO,,Quantity,No,,,,,Concentrate,,1g,,,Yes,,,TRIBE EDIBLES
84943164,0,FLORA | CHRONIC BERRIES | HASHIMALS | ROSIN | ROSE | TRIBE,,22,11,SHO,,Quantity,No,,,,,Concentrate,,1g,,,Yes,,,TRIBE EDIBLES
17514545,5,FLORA | CHRONIC BERRIES | HASHIMALS | ROSIN | SUNFLOWER | TRIBE,,22,11,SHO,,Quantity,No,,,,,Concentrate,,1g,,,Yes,,,TRIBE EDIBLES
20215964,4,FLORA | DRAGON FIRE OG | HASHIMALS | ROSIN | SUNFLOWER | TRIBE,,22,11,SHO,,Quantity,No,,,,,Concentrate,,1g,,,Yes,,,TRIBE EDIBLES
68745439,4,FLORA | DRAGON FIRE OG | HASHIMALS | ROSIN | ROSE | TRIBE,,22,11,SHO,,Quantity,No,,,,,Concentrate,,1g,,,Yes,,,TRIBE EDIBLES
16678285,4,FLORA | OMNI FIRE OG | HASHIMALS | ROSIN | SUNFLOWER | TRIBE,,22,11,SHO,,Quantity,No,,,,,Concentrate,,1g,,,Yes,,,TRIBE EDIBLES
52444595,2,HELLA JELLY | HASHIMALS | CANNABIS LEAF | 2G | TRIBE,,38,20,SHO,,Quantity,No,,,,,Concentrate,,2g,,,Yes,,,TRIBE EDIBLES
39488180,5,KASHMIR MINTZ | HASHIMALS | STARFISH | 2G | TRIBE,,38,20,SHO,,Quantity,No,,,,,Concentrate,,2g,,,Yes,,,TRIBE EDIBLES
77278372,4,STRAWBERRY COOLER | HASHIMALS | DOLPHIN | 2G | TRIBE,,38,20,SHO,,Quantity,No,,,,,Concentrate,,2g,,,Yes,,,TRIBE EDIBLES
09243866,1,CHERRY LIMEADE | 1200 MG | SYRUP | MINDFUL INDULGENCE,,38,20,Edibles,,Quantity,No,,,,,Edibles,,1200g,,,Yes,,,TRIBE EDIBLES
39009626,0,BLACKBERRY WATERMELON | 1200 MG | SYRUP | MINDFUL INDULGENCE,,38,20,Edibles,,Quantity,No,,,,,Edibles,,1200g,,,Yes,,,TRIBE EDIBLES
20060103,0,promo pre rolls,,0,,Pre-Rolls,,Quantity,No,,,,,Flower,,1g,,,Yes,,,
09524332,9,JUICE POP DIAMONDS 2G | CCE,,27,15,BHO,,Quantity,No,,,,,Concentrates,,2g,,,Yes,,,CARTER COUNTY EXTRACTS
81444883,10,JUICE POP LIVE RESIN BADDER 2G | CCE,,24,12,BHO,,Quantity,No,,,,,Concentrates,,2g,,,Yes,,,CARTER COUNTY EXTRACTS
04354146,10,SUPER NASTY LEMON JUICE CURED RESIN 2G | CCE,,20,10,BHO,,Quantity,No,,,,,Concentrates,,2g,,,Yes,,,CARTER COUNTY EXTRACTS
29208160,9,STRAWBERRY ZILLOW CURED RESIN 2G | CCE,,20,10,BHO,,Quantity,No,,,,,Concentrates,,2g,,,Yes,,,CARTER COUNTY EXTRACTS
79710804,10,TROPICANNA PIE CURED RESIN 2G | CCE,,20,10,BHO,,Quantity,No,,,,,Concentrates,,2g,,,Yes,,,CARTER COUNTY EXTRACTS
46850765,10,DULCE DE UVA LIVE RESIN 2G | CCE,,24,12,BHO,,Quantity,No,,,,,Concentrates,,2g,,,Yes,,,CARTER COUNTY EXTRACTS
19473841,9,CANDY BELTZ LIVE RESIN 2G | CCE,,12,24,BHO,,Quantity,No,,,,,Concentrates,,2g,,,Yes,,,CARTER COUNTY EXTRACTS
07245566,0,FLAMIN CHEETOS | FLOWER | POLLEN NATION,FLAMIN CHEETOS,7,250,Flower,,Weight,No,,,,,Flower,,,,,Yes,,,
94871186,62.4,WEDDING CAKE | FLOWER | POLLEN NATION,WEDDING CAKE,10,250,Flower,,Weight,No,,,,,Flower,,,,,Yes,,,
08586394,23.4,PURPLE PINEAPPLE | FLOWER | POLLEN NATION,PURPLE PINEAPPLE,10,250,Flower,,Weight,No,,,,,Flower,,,,,Yes,,,
42131165,98.4,WET BETTY | FLOWER | POLLEN NATION,WET BETTY,10,250,Flower,,Weight,No,,,,,Flower,,,,,Yes,,,
92547624,279,ASTROGLIDE | FLOWER | POLLEN NATION,ASTROGLIDE,7,0,Flower,,Weight,No,,,,,Flower,,,,,Yes,,,
18504171,64,3.5 G | HUSH PUPPIES | HU$HIES,,20,9,Infused Non-Edible,,Quantity,No,,,,Hu$hie$,Infused Non-Edible,,3.5g,Flower/Bud,,Yes,,,
05770425,62,GRAPE INFUSED | PRE-ROLL | Hu$hie$,Multi Harvest,8,4,Infused Pre-Rolls,Infused Pre-Roll,Quantity,No,,,,Hu$hie$,Concentrates,,1g,Concentrate,,Yes,,,"Banger Willis, LLC"
47757723,0,TRIBE SPLITS - BB MUFFIN,,50,,Disposable Vape,,Quantity,No,,,,,Vape Cartridges,,2g,,,Yes,,,TRIBE EDIBLES
42370256,0,TRIBE SPLITS - EMERALD FIRE OG,,50,,Disposable Vape,,Quantity,No,,,,,Vape Cartridges,,2g,,,Yes,,,
18690696,2,TRIBE SPLITS - GAZZURPLE,,50,,Disposable Vape,,Quantity,No,,,,,Vape Cartridges,,2g,,,Yes,,,
50279705,0,TRIBE SPLITS - PODDY MOUTH,,50,,Disposable Vape,,Quantity,No,,,,,Vape Cartridges,,2g,,,Yes,,,
16331161,0,TRIBE SPLITS - JELLY DONUTS,,50,,Disposable Vape,,Quantity,No,,,,,Vape Cartridges,,2g,,,Yes,,,
89456953,0,TRIBE SPLITS BOOSTER - BLUEBERRY CHILL,,15,,Smokeshop,,Quantity,No,,,,,Smokeshop,,,,,Yes,,,
02274124,0,TRIBE SPLITS BOOSTER - KIWI PASSION,,15,,Smokeshop,,Quantity,No,,,,,Smokeshop,,,,,Yes,,,
55942586,0,TRIBE SPLITS BOOSTER - STRAWBERRY KIWI,,15,,Smokeshop,,Quantity,No,,,,,Smokeshop,,,,,Yes,,,
96586529,48,Hushies Pre-Roll Orange Cream,,8,4,Infused Pre-Rolls,,Quantity,No,,,,Hu$hie$,Concentrates,,1g,,,Yes,,,"Banger Willis, LLC"
15535098,49,Hushies Pre-Roll Pineapple,,8,4,Infused Pre-Rolls,,Quantity,No,,,,,Concentrates,,1g,,,Yes,,,
66482373,17,PEACH PIE | INFUSED PRE-ROLL SESH,,8,,Infused Pre-Rolls,,Quantity,No,,,,,Concentrates,,1g,,,Yes,,,SESH CONFIDENTIAL LLC
31319014,15,BLUE NERDZ,,30,30,Flower,,Quantity,No,,,,,Flower,3.5,3.5g,,,Yes,,,
54950338,16,SKYWALKER OG,,30,30,Flower,,Quantity,No,,,,,Flower,3.5,3.5g,,,Yes,,,
63799168,16,CADILLAC RAINBOW,,30,30,Flower,,Quantity,No,,,,,Flower,,3.5g,,,Yes,,,
34947753,15,DAILY GRAPE,,30,30,Flower,,Quantity,No,,,,,Flower,,3.5g,,,Yes,,,
59240561,15,GRANDPA'S STASH,,30,30,Flower,,Quantity,No,,,,,Flower,,3.5g,,,Yes,,,
62275050,15,SOUR COOKIES,,30,30,Flower,,Quantity,No,,,,,Flower,,3.5g,,,Yes,,,
87391019,15,HOLY WATER,,30,30,Flower,,Quantity,No,,,,,Flower,,3.5g,,,Yes,,,C 3 MEDICAL
