SKU,Product,PackageID,Status,Category,Tags,Batch,Strain,Vendor,Room,Available,Inventorydate,Packagingdate,Mastercategory,Iscannabis,Quantity,Cost
12678926,$12 Nic Vape,00001,,Smokeshop,,,,C Store,store,34,2/22/2025,2/21/2025,Smokeshop,No,34,0.5
25875596,$7 Cigar,00005,,Cigars,,,,C Store,store,39,2/22/2025,2/21/2025,Smokeshop,No,39,3.5
92255189,$2 Cigar,00003,,Cigars,,,,C Store,store,31,2/22/2025,2/21/2025,Smokeshop,No,31,1
36459934,$20 Nic Vape,00041,,Smokeshop,,,,C Store,store,8,3/5/2025,3/5/2025,Smokeshop,No,8,8
36459934,$20 Nic Vape,00002,,Smokeshop,,00002,No Strain,C Store,store,0,2/22/2025,2/21/2025,Smokeshop,No,0,8
37977737,$5 Cigar,00004,,Cigars,,00004,No Strain,C Store,store,4,2/22/2025,2/21/2025,Smokeshop,No,4,2.5
19460863,$2 Hemp Wrap,00006,,Papers,,00006,No Strain,C Store,store,13,2/22/2025,2/21/2025,Smokeshop,No,13,1
04662253,$5 Hemp Wrap,00007,,Papers,,00007,No Strain,C Store,store,61,2/22/2025,2/21/2025,Smokeshop,No,61,2.5
80629165,Cigarette Pipe,00008,,Smokeshop,,00008,No Strain,C Store,store,40,2/22/2025,2/21/2025,Smokeshop,No,40,0.01
53060174,Joker Papers,00009,,Smokeshop,,00009,No Strain,C Store,store,20,2/22/2025,2/21/2025,Smokeshop,No,20,0.01
81834860,OG Chillum,00010,,Smokeshop,,00010,No Strain,C Store,store,24,2/22/2025,2/21/2025,Smokeshop,No,24,0.01
88942684,Butane,00011,,Smokeshop,,00011,No Strain,C Store,store,20,2/22/2025,2/21/2025,Smokeshop,No,20,0
77029045,Mini Bic,00012,,Smokeshop,,00012,No Strain,C Store,store,9,2/22/2025,2/21/2025,Smokeshop,No,9,0
52224971,XS Bones | Desserted Dogg,00013,,Hemp,,00013,No Strain,Desserted Dogg,store,1,2/22/2025,2/22/2025,Smokeshop,No,1,12
44936131,XS Sasauge | Desserted Dogg,00014,,Hemp,,00014,No Strain,Desserted Dogg,store,3,2/22/2025,2/22/2025,Smokeshop,No,3,12
59554804,XS Beef Liver | Desserted Dogg,00015,,Hemp,,00015,No Strain,Desserted Dogg,store,5,2/22/2025,2/22/2025,Smokeshop,No,5,6
81825178,Tincture | Desserted Dogg,00016,,Hemp,,00016,No Strain,Desserted Dogg,store,2,2/22/2025,2/22/2025,Smokeshop,No,2,18
59554804,XS Beef Liver | Desserted Dogg,00017,,Hemp,,00017,No Strain,Desserted Dogg,store,1,2/22/2025,2/22/2025,Smokeshop,No,1,16
81825178,Tincture | Desserted Dogg,00018,,Hemp,,00018,No Strain,Desserted Dogg,store,50,2/22/2025,2/22/2025,Smokeshop,No,50,18
07276202,GEN 4 | Indubious,00019,,Smokeshop,,00019,No Strain,Indubious,store,0,2/22/2025,2/22/2025,Smokeshop,No,0,17
91482187,GEN 1 | Indubious,00020,,Smokeshop,,00020,No Strain,Indubious,store,1,2/22/2025,2/22/2025,Smokeshop,No,1,17
07276202,GEN 4 | Indubious,00021,,Smokeshop,,00021,No Strain,Indubious,store,1,2/22/2025,2/22/2025,Smokeshop,No,1,17
96054741,Bubbler | Indubious,00023,,Smokeshop,,00023,No Strain,Indubious,store,1,2/22/2025,2/22/2025,Smokeshop,No,1,22
72987309,Grinder | Indubious,00025,,Smokeshop,,00025,No Strain,Indubious,store,0,2/22/2025,2/22/2025,Smokeshop,No,0,17
58420163,Quick Hit  | Indubious,00027,,Smokeshop,,00027,No Strain,Indubious,store,1,2/22/2025,2/22/2025,Smokeshop,No,1,12
38499078,Phone Lighter | Indubious,00028,,Smokeshop,,00028,No Strain,Indubious,store,1,2/22/2025,2/22/2025,Smokeshop,No,1,10
39168505,Quick Pack | Indubious,00029,,Smokeshop,,00029,No Strain,Indubious,store,1,2/22/2025,2/22/2025,Smokeshop,No,1,10
34892182,XL Bamboo Tray | Indubious,00030,,Smokeshop,,00030,No Strain,Indubious,store,0,2/22/2025,2/22/2025,Smokeshop,No,0,10
GB,Grow Bags | MushroomsOK,00031,,Smokeshop,,00031,No Strain,MushroomsOK,store,5,2/22/2025,2/22/2025,Smokeshop,No,5,12.5
85578817,Gourmet  Syringe | MushroomsOK,00032,,Smokeshop,,00032,No Strain,MushroomsOK,store,6,2/22/2025,2/22/2025,Smokeshop,No,6,12.5
37637401,1 1/4 Papers |  Vibes,00033,,Smokeshop,,00033,No Strain,C Store,store,8,2/27/2025,2/27/2025,Smokeshop,No,8,0.01
69571269,Cubano | Vibes,00034,,Smokeshop,,00034,No Strain,C Store,store,7,2/27/2025,2/27/2025,Smokeshop,No,7,0.01
04902560,Hemp Papers |  Vibes,00035,,Smokeshop,,00035,No Strain,C Store,store,1,2/27/2025,2/27/2025,Smokeshop,No,1,0.01
55254865,Rice Papers |  Vibes,00036,,Smokeshop,,00036,No Strain,C Store,store,1,2/27/2025,2/27/2025,Smokeshop,No,1,0.01
38978893,Hemp Gummies | Canna Complex,00037,,Hemp,,00037,No Strain,C Store,store,4,2/27/2025,2/27/2025,Smokeshop,No,4,0.01
40368316,510 Battery,00038,,Smokeshop,,00038,No Strain,C Store,store,3,3/1/2025,2/28/2025,Smokeshop,No,3,0.01
88654878,Cigar Cutter,00039,,Smokeshop,,00039,No Strain,C Store,store,9,3/1/2025,2/28/2025,Smokeshop,No,9,1
86535808,Grinder,00040,,Smokeshop,,00040,No Strain,C Store,store,1,3/1/2025,2/28/2025,Smokeshop,No,1,0.01
14956894,Geek Bar Pulse X,00042,,Nic Vape,,00042,No Strain,C Store,store,10,3/15/2025,3/14/2025,Smokeshop,No,10,10
09743121,Dab Straw | Nectar Collector,00043,,Smokeshop,,00043,No Strain,C Store,store,5,3/15/2025,3/14/2025,Smokeshop,No,5,2
49766883,Terrpon | 75mg | Suppositories,1A40E0100000006000006523,,Suppositories,,1A40E0100000006000006523,No Strain,Arcadia Brands LLC,store,8,1/17/2025,2/21/2025,Infused Non-Edible,Yes,8,15
10847834,RX3 | Temple Ball and Square,1A40E0100000006000006527,,Hash,,1A40E0100000006000006527,No Strain,Arcadia Brands LLC,store,2,1/17/2025,2/21/2025,Concentrates,Yes,2,15
59433865,Orange Cream | 2400mg | Gummies | Arcadia,1A40E0100000006000010350,,Edibles,Gummies,1A40E0100000006000010350,Multi Harvest,Arcadia Brands LLC,store,7,2/18/2025,2/21/2025,Edibles,Yes,7,20.25
49393711,SummerBerry | 2400mg | Gummies | Arcadia,1A40E0100000006000010351,,Edibles,Gummies,1A40E0100000006000010351,Multi Harvest,Arcadia Brands LLC,store,9,2/18/2025,2/21/2025,Edibles,Yes,9,20.25
92130523,Strawberry | 2400mg | Gummies | Arcadia,1A40E0100000006000010352,,Edibles,Gummies,1A40E0100000006000010352,Multi Harvest,Arcadia Brands LLC,store,7,2/18/2025,2/21/2025,Edibles,Yes,7,20.25
76487011,Peach | 2400mg | Gummies | Arcadia,1A40E0100000006000010353,,Edibles,Gummies,1A40E0100000006000010353,Multi Harvest,Arcadia Brands LLC,store,10,2/18/2025,2/21/2025,Edibles,Yes,10,20.25
83068098,Orange Cream | 1200mg | Gummies | Arcadia,1A40E0100000006000010354,,Edibles,Gummies,1A40E0100000006000010354,Multi Harvest,Arcadia Brands LLC,store,9,2/18/2025,2/21/2025,Edibles,Yes,9,12.96
24141525,Green Apple | 1200mg | Gummies | Arcadia,1A40E0100000006000010355,,Edibles,Gummies,1A40E0100000006000010355,Multi Harvest,Arcadia Brands LLC,store,10,2/18/2025,2/21/2025,Edibles,Yes,10,12.96
26294141,Blue Raspberry | 1200mg | Gummies | Arcadia,1A40E0100000006000010356,,Edibles,Gummies,1A40E0100000006000010356,Multi Harvest,Arcadia Brands LLC,store,10,2/18/2025,2/21/2025,Edibles,Yes,10,12.96
76240216,Key Lime Pie | 1200mg | Gummies | Arcadia,1A40E0100000006000010357,,Edibles,Gummies,1A40E0100000006000010357,Multi Harvest,Arcadia Brands LLC,store,8,2/18/2025,2/21/2025,Edibles,Yes,8,12.96
95689442,Mango | 600mg | Gummies | Arcadia,1A40E0100000006000010358,,Edibles,Gummies,1A40E0100000006000010358,Multi Harvest,Arcadia Brands LLC,store,8,2/18/2025,2/21/2025,Edibles,Yes,8,5
62379871,Strawberry | 600mg | Gummies | Arcadia,1A40E0100000006000010359,,Edibles,Gummies,1A40E0100000006000010359,Multi Harvest,Arcadia Brands LLC,store,9,2/18/2025,2/21/2025,Edibles,Yes,9,5
90938724,Summerberry | 600mg | Gummies | Arcadia,1A40E0100000006000010360,,Edibles,Gummies,1A40E0100000006000010360,Multi Harvest,Arcadia Brands LLC,store,9,2/18/2025,2/21/2025,Edibles,Yes,9,5
14367673,Green Apple | 600mg | Gummies | Arcadia,1A40E0100000006000010361,,Edibles,Gummies,1A40E0100000006000010361,Multi Harvest,Arcadia Brands LLC,store,9,2/18/2025,2/21/2025,Edibles,Yes,9,5
77858777,THCv | 600mg | Gummies | Arcadia,1A40E0100000006000010362,,Edibles,Gummies,1A40E0100000006000010362,Multi Harvest,Arcadia Brands LLC,store,3,2/18/2025,2/21/2025,Edibles,Yes,3,16.86
21227681,Sea Salt Caramels | 1000mg | Likewise,1A40E0100000006000010363,,Edibles,,1A40E0100000006000010363,Multi Harvest,Arcadia Brands LLC,store,4,2/18/2025,2/21/2025,Edibles,Yes,4,6.5
89673086,Chocolate Bites | 300mg | Likewise,1A40E0100000006000010364,,Edibles,,1A40E0100000006000010364,Multi Harvest,Arcadia Brands LLC,store,8,2/18/2025,2/21/2025,Edibles,Yes,8,6.5
10288807,Ocean Water  | 250mg | Gummies | Arcadia,1A40E0100000006000010365,,Edibles,Gummies,1A40E0100000006000010365,Multi Harvest,Arcadia Brands LLC,store,3,2/18/2025,2/21/2025,Edibles,Yes,3,4.55
66395494,Tropical Fruit  | 250mg | Gummies | Arcadia,1A40E0100000006000010366,,Edibles,Gummies,1A40E0100000006000010366,Multi Harvest,Arcadia Brands LLC,store,8,2/18/2025,2/21/2025,Edibles,Yes,8,4.55
24908638,PARTY PACK | 40MG INDICA SINGLE | ARCADIA LABS,1A40E0100000006000015032,,Edibles,,1A40E0100000006000015032,No Strain,Arcadia Brands LLC,store,2,3/28/2025,3/27/2025,Edibles,Yes,2,0.01
63916892,PARTY PACK | 40MG SATIVA SINGLE | ARCADIA LABS,1A40E0100000006000015033,,Edibles,,1A40E0100000006000015033,No Strain,Arcadia Brands LLC,store,0,3/28/2025,3/27/2025,Edibles,Yes,0,0.01
98615356,25 MG CARAMELS | 10 PK | LIKEWISE,1A40E0100000006000015034,,Edibles,,1A40E0100000006000015034,No Strain,Arcadia Brands LLC,store,4,3/28/2025,3/27/2025,Edibles,Yes,4,0.01
21555072,JAY WALKER | ASSORTED BOX | TRIBE,1A40E0100000AF5000161064,,Infused Pre-Rolls,,1A40E0100000AF5000161064,No Strain,TRIBE EDIBLES,store,0,4/19/2025,4/22/2025,Concentrates,Yes,0,0
21555072,JAY WALKER | ASSORTED BOX | TRIBE,1A40E0100000AF5000161065,,Infused Pre-Rolls,,1A40E0100000AF5000161065,No Strain,TRIBE EDIBLES,store,0,4/19/2025,4/22/2025,Concentrates,Yes,0,0
21555072,JAY WALKER | ASSORTED BOX | TRIBE,1A40E0100000AF5000161066,,Infused Pre-Rolls,,1A40E0100000AF5000161066,No Strain,TRIBE EDIBLES,store,0,4/19/2025,4/22/2025,Concentrates,Yes,0,0
21555072,JAY WALKER | ASSORTED BOX | TRIBE,1A40E0100000AF5000161067,,Infused Pre-Rolls,,1A40E0100000AF5000161067,No Strain,TRIBE EDIBLES,store,0,4/19/2025,4/22/2025,Concentrates,Yes,0,0
21555072,JAY WALKER | ASSORTED BOX | TRIBE,1A40E0100000AF5000161068,,Infused Pre-Rolls,,1A40E0100000AF5000161068,No Strain,TRIBE EDIBLES,store,0,4/19/2025,4/22/2025,Concentrates,Yes,0,0
21555072,JAY WALKER | ASSORTED BOX | TRIBE,1A40E0100000AF5000161069,,Infused Pre-Rolls,,1A40E0100000AF5000161069,No Strain,TRIBE EDIBLES,store,0,4/19/2025,4/22/2025,Concentrates,Yes,0,0
21555072,JAY WALKER | ASSORTED BOX | TRIBE,1A40E0100000AF5000161070,,Infused Pre-Rolls,,1A40E0100000AF5000161070,No Strain,TRIBE EDIBLES,store,0,4/19/2025,4/22/2025,Concentrates,Yes,0,0
21555072,JAY WALKER | ASSORTED BOX | TRIBE,1A40E0100000AF5000161071,,Infused Pre-Rolls,,1A40E0100000AF5000161071,No Strain,TRIBE EDIBLES,store,1,4/19/2025,4/22/2025,Concentrates,Yes,1,0
21555072,JAY WALKER | ASSORTED BOX | TRIBE,1A40E0100000AF5000161072,,Infused Pre-Rolls,,1A40E0100000AF5000161072,No Strain,TRIBE EDIBLES,store,0,4/19/2025,4/22/2025,Concentrates,Yes,0,0
21555072,JAY WALKER | ASSORTED BOX | TRIBE,1A40E0100000AF5000161073,,Infused Pre-Rolls,,1A40E0100000AF5000161073,No Strain,TRIBE EDIBLES,store,0,4/19/2025,4/22/2025,Concentrates,Yes,0,0
21555072,JAY WALKER | ASSORTED BOX | TRIBE,1A40E0100000AF5000161074,,Infused Pre-Rolls,,1A40E0100000AF5000161074,No Strain,TRIBE EDIBLES,store,0,4/19/2025,4/22/2025,Concentrates,Yes,0,0
21555072,JAY WALKER | ASSORTED BOX | TRIBE,1A40E0100000AF5000161075,,Infused Pre-Rolls,,1A40E0100000AF5000161075,No Strain,TRIBE EDIBLES,store,0,4/19/2025,4/22/2025,Concentrates,Yes,0,0
21555072,JAY WALKER | ASSORTED BOX | TRIBE,1A40E0100000AF5000161076,,Infused Pre-Rolls,,1A40E0100000AF5000161076,No Strain,TRIBE EDIBLES,store,0,4/19/2025,4/22/2025,Concentrates,Yes,0,0
21555072,JAY WALKER | ASSORTED BOX | TRIBE,1A40E0100000AF5000161077,,Infused Pre-Rolls,,1A40E0100000AF5000161077,No Strain,TRIBE EDIBLES,store,0,4/19/2025,4/22/2025,Concentrates,Yes,0,0
21555072,JAY WALKER | ASSORTED BOX | TRIBE,1A40E0100000AF5000161078,,Infused Pre-Rolls,,1A40E0100000AF5000161078,No Strain,TRIBE EDIBLES,store,0,4/19/2025,4/22/2025,Concentrates,Yes,0,0
21555072,JAY WALKER | ASSORTED BOX | TRIBE,1A40E0100000AF5000161079,,Infused Pre-Rolls,,1A40E0100000AF5000161079,No Strain,TRIBE EDIBLES,store,0,4/19/2025,4/22/2025,Concentrates,Yes,0,0
08790669,PROMO | PREROLLS | TRIBE,1A40E0100000AF5000161080,,Infused Pre-Rolls,,1A40E0100000AF5000161080,No Strain,TRIBE EDIBLES,store,0,4/19/2025,4/22/2025,Concentrates,Yes,0,0
68797873,CITRUS JELLY | HASHIMALS | ROSIN | BEE | TRIBE,1A40E0100000AF5000166268,,SHO,,1A40E0100000AF5000166268,No Strain,TRIBE EDIBLES,store,5,5/12/2025,5/12/2025,Concentrate,Yes,5,11
67028114,CITRUS JELLY | HASHIMALS | ROSIN | BUNNY | TRIBE,1A40E0100000AF5000166269,,SHO,,1A40E0100000AF5000166269,No Strain,TRIBE EDIBLES,store,4,5/12/2025,5/12/2025,Concentrate,Yes,4,11
75670568,CITRUS JELLY | HASHIMALS | ROSIN | FROG | TRIBE,1A40E0100000AF5000166270,,SHO,,1A40E0100000AF5000166270,No Strain,TRIBE EDIBLES,store,3,5/12/2025,5/12/2025,Concentrate,Yes,3,11
88170528,CITRUS JELLY | HASHIMALS | ROSIN | OWL | TRIBE,1A40E0100000AF5000166271,,SHO,,1A40E0100000AF5000166271,No Strain,TRIBE EDIBLES,store,3,5/12/2025,5/12/2025,Concentrate,Yes,3,11
84943164,FLORA | CHRONIC BERRIES | HASHIMALS | ROSIN | ROSE | TRIBE,1A40E0100000AF5000166272,,SHO,,1A40E0100000AF5000166272,No Strain,TRIBE EDIBLES,store,0,5/12/2025,5/12/2025,Concentrate,Yes,0,11
97116718,FLORA | DRAGON FIRE OG | HASHIMALS | ROSIN | COSMOS | TRIBE,1A40E0100000AF5000166273,,SHO,,1A40E0100000AF5000166273,No Strain,TRIBE EDIBLES,store,3,5/12/2025,5/12/2025,Concentrate,Yes,3,11
17514545,FLORA | CHRONIC BERRIES | HASHIMALS | ROSIN | SUNFLOWER | TRIBE,1A40E0100000AF5000166274,,SHO,,1A40E0100000AF5000166274,No Strain,TRIBE EDIBLES,store,5,5/12/2025,5/12/2025,Concentrate,Yes,5,11
52444595,HELLA JELLY | HASHIMALS | CANNABIS LEAF | 2G | TRIBE,1A40E0100000AF5000166275,,SHO,,1A40E0100000AF5000166275,No Strain,TRIBE EDIBLES,store,2,5/12/2025,5/12/2025,Concentrate,Yes,2,20
39488180,KASHMIR MINTZ | HASHIMALS | STARFISH | 2G | TRIBE,1A40E0100000AF5000166276,,SHO,,1A40E0100000AF5000166276,No Strain,TRIBE EDIBLES,store,5,5/12/2025,5/12/2025,Concentrate,Yes,5,20
77278372,STRAWBERRY COOLER | HASHIMALS | DOLPHIN | 2G | TRIBE,1A40E0100000AF5000166277,,SHO,,1A40E0100000AF5000166277,No Strain,TRIBE EDIBLES,store,4,5/12/2025,5/12/2025,Concentrate,Yes,4,20
39009626,BLACKBERRY WATERMELON | 1200 MG | SYRUP | MINDFUL INDULGENCE,1A40E0100000AF5000166278,,Edibles,,1A40E0100000AF5000166278,No Strain,TRIBE EDIBLES,store,0,5/12/2025,5/12/2025,Edibles,Yes,0,20
09243866,CHERRY LIMEADE | 1200 MG | SYRUP | MINDFUL INDULGENCE,1A40E0100000AF5000166279,,Edibles,,1A40E0100000AF5000166279,No Strain,TRIBE EDIBLES,store,1,5/12/2025,5/12/2025,Edibles,Yes,1,20
20215964,FLORA | DRAGON FIRE OG | HASHIMALS | ROSIN | SUNFLOWER | TRIBE,1A40E0100000AF5000166280,,SHO,,1A40E0100000AF5000166280,No Strain,TRIBE EDIBLES,store,4,5/12/2025,5/12/2025,Concentrate,Yes,4,11
68745439,FLORA | DRAGON FIRE OG | HASHIMALS | ROSIN | ROSE | TRIBE,1A40E0100000AF5000166281,,SHO,,1A40E0100000AF5000166281,No Strain,TRIBE EDIBLES,store,4,5/12/2025,5/12/2025,Concentrate,Yes,4,11
16678285,FLORA | OMNI FIRE OG | HASHIMALS | ROSIN | SUNFLOWER | TRIBE,1A40E0100000AF5000166282,,SHO,,1A40E0100000AF5000166282,No Strain,TRIBE EDIBLES,store,4,5/12/2025,5/12/2025,Concentrate,Yes,4,11
47757723,TRIBE SPLITS - BB MUFFIN,1A40E0100000AF5000170743,,Disposable Vape,,1A40E0100000AF5000170743,No Strain,TRIBE EDIBLES,store,0,6/4/2025,6/4/2025,Vape Cartridges,Yes,0,0
42370256,TRIBE SPLITS - EMERALD FIRE OG,1A40E0100000AF5000170744,,Disposable Vape,,1A40E0100000AF5000170744,No Strain,TRIBE EDIBLES,store,0,6/4/2025,6/4/2025,Vape Cartridges,Yes,0,0
18690696,TRIBE SPLITS - GAZZURPLE,1A40E0100000AF5000170745,,Disposable Vape,,1A40E0100000AF5000170745,No Strain,TRIBE EDIBLES,store,2,6/4/2025,6/4/2025,Vape Cartridges,Yes,2,0
16331161,TRIBE SPLITS - JELLY DONUTS,1A40E0100000AF5000170746,,Disposable Vape,,1A40E0100000AF5000170746,No Strain,TRIBE EDIBLES,store,0,6/4/2025,6/4/2025,Vape Cartridges,Yes,0,0
50279705,TRIBE SPLITS - PODDY MOUTH,1A40E0100000AF5000170747,,Disposable Vape,,1A40E0100000AF5000170747,No Strain,TRIBE EDIBLES,store,0,6/4/2025,6/4/2025,Vape Cartridges,Yes,0,0
25275688,HAWAIIAN BY NIGHT | INDICA FLOWER | LAWLESS,1A40E01000013F2000002698,,Flower,,1A40E01000013F2000002698,HAWAIIAN BY NIGHT,LAWLESS,store,0 g,3/26/2025,3/26/2025,Flower,Yes,0,114
74811471,GUSHERS | FLOWER | LAWLESS,1A40E01000013F2000002699,,Flower,,1A40E01000013F2000002699,GUSHERS,LAWLESS,store,0 g,3/26/2025,3/26/2025,Flower,Yes,0,126.54
04640436,GAZURPLE | HYBRID FLOWER | LAWLESS,1A40E01000013F2000002700,,Flower,,1A40E01000013F2000002700,GAZURPLE,LAWLESS,store,0 g,3/26/2025,3/26/2025,Flower,Yes,0,126.54
20567369,WHITE MARKET GELATO | FLOWER | LAWLESS,1A40E01000013F2000002701,,Flower,,1A40E01000013F2000002701,WHITE MARKET GELATO,LAWLESS,store,0 g,3/26/2025,3/26/2025,Flower,Yes,0,454
28209548,GRAPE BISCOTTI | INDICA | FLOWER,1A40E01000013F2000002702,,Flower,,1A40E01000013F2000002702,GRAPE BISCOTTI,LAWLESS,store,0 g,3/26/2025,3/26/2025,Flower,Yes,0,114
83528435,1000MG CHOCOLATE BAR | LAWLESS,1A40E01000013F6000002845,,Edibles,,1A40E01000013F6000002845,No Strain,LAWLESS,store,9,3/26/2025,4/2/2025,Edibles,Yes,9,15
885B84,Cure Injoy - 2G - Disposable- Blueberry Cookies,1A40E0100001483000046806,,Vape Cartridges,,1A40E0100001483000046806,No Strain,"Green Country Research, Inc.",store,1,1/20/2025,2/21/2025,Vape Cartridges,Yes,1,13
0A1D8B,Cure Injoy - 2G - Disposable - Pink Panties,1A40E0100001483000046807,,Vape Cartridges,,1A40E0100001483000046807,No Strain,"Green Country Research, Inc.",store,0,1/20/2025,2/21/2025,Vape Cartridges,Yes,0,13
8DB17D,Cure Injoy - 2G - Disposable - Super Lemon Haze,1A40E0100001483000046808,,Vape Cartridges,,1A40E0100001483000046808,No Strain,"Green Country Research, Inc.",store,0,1/20/2025,2/21/2025,Vape Cartridges,Yes,0,13
5C6DE0,Cure Injoy - 2G - Disposable - Skywalker OG,1A40E0100001483000046809,,Vape Cartridges,,1A40E0100001483000046809,No Strain,"Green Country Research, Inc.",store,1,1/20/2025,2/21/2025,Vape Cartridges,Yes,1,13
C9D5C7,Cure Injoy - 2G - Disposable - RS11,1A40E0100001483000052534,,Vape Cartridges,,1A40E0100001483000052534,No Strain,"Green Country Research, Inc.",store,0,2/14/2025,2/20/2025,Vape Cartridges,Yes,0,13
01077D,Bubble Gum OG | Indica | 2G  Disposable | Cure Injoy,1A40E0100001483000052535,,Vape Cartridges,,1A40E0100001483000052535,No Strain,"Green Country Research, Inc.",store,2,2/14/2025,2/20/2025,Vape Cartridges,Yes,2,13
B67F0E,Green Gushers |  Sativa | 2G Disposable | Cure Injoy,1A40E0100001483000052536,,Vape Cartridges,,1A40E0100001483000052536,No Strain,"Green Country Research, Inc.",store,0,2/14/2025,2/20/2025,Vape Cartridges,Yes,0,13
5F73DD,Cure Injoy - 2G - Disposable - Strawnana,1A40E0100001483000052537,,Vape Cartridges,,1A40E0100001483000052537,No Strain,"Green Country Research, Inc.",store,0,2/14/2025,2/20/2025,Vape Cartridges,Yes,0,13
238EEF,Cure Injoy - 2G - Disposable - Papaya Kush,1A40E0100001483000052538,,Vape Cartridges,,1A40E0100001483000052538,No Strain,"Green Country Research, Inc.",store,1,2/14/2025,2/20/2025,Vape Cartridges,Yes,1,13
B356AA,Big Kiwi | Hybrid | 2G Disposable  | Cure Injoy,1A40E0100001483000052539,,Vape Cartridges,,1A40E0100001483000052539,No Strain,"Green Country Research, Inc.",store,0,2/14/2025,2/20/2025,Vape Cartridges,Yes,0,13
1451A5,Guava Lava Cake | Indica | 2G Disposable | Cure Injoy,1A40E0100001483000052540,,Vape Cartridges,,1A40E0100001483000052540,No Strain,"Green Country Research, Inc.",store,0,2/14/2025,2/20/2025,Vape Cartridges,Yes,0,13
45FBDC,Cure Injoy - 2G - Disposable - Passionfruit,1A40E0100001483000052541,,Vape Cartridges,,1A40E0100001483000052541,No Strain,"Green Country Research, Inc.",store,0,2/14/2025,2/20/2025,Vape Cartridges,Yes,0,13
01077D,Bubble Gum OG | Indica | 2G  Disposable | Cure Injoy,1A40E0100001483000058309,,Vape Cartridges,Disposable,1A40E0100001483000058309,No Strain,"Green Country Research, Inc.",store,0,3/13/2025,3/12/2025,Vape Cartridges,Yes,0,13
B67F0E,Green Gushers |  Sativa | 2G Disposable | Cure Injoy,1A40E0100001483000058310,,Vape Cartridges,Disposable,1A40E0100001483000058310,No Strain,"Green Country Research, Inc.",store,0,3/13/2025,3/12/2025,Vape Cartridges,Yes,0,13
5F73DD,Cure Injoy - 2G - Disposable - Strawnana,1A40E0100001483000058311,,Vape Cartridges,,1A40E0100001483000058311,No Strain,"Green Country Research, Inc.",store,0,3/13/2025,3/12/2025,Vape Cartridges,Yes,0,13
B356AA,Big Kiwi | Hybrid | 2G Disposable  | Cure Injoy,1A40E0100001483000058312,,Vape Cartridges,Disposable,1A40E0100001483000058312,No Strain,"Green Country Research, Inc.",store,0,3/13/2025,3/12/2025,Vape Cartridges,Yes,0,13
1451A5,Guava Lava Cake | Indica | 2G Disposable | Cure Injoy,1A40E0100001483000058313,,Vape Cartridges,Disposable,1A40E0100001483000058313,No Strain,"Green Country Research, Inc.",store,0,3/13/2025,3/12/2025,Vape Cartridges,Yes,0,13
45FBDC,Cure Injoy - 2G - Disposable - Passionfruit,1A40E0100001483000058314,,Vape Cartridges,,1A40E0100001483000058314,No Strain,"Green Country Research, Inc.",store,0,3/13/2025,3/12/2025,Vape Cartridges,Yes,0,13
885B84,Cure Injoy - 2G - Disposable- Blueberry Cookies,1A40E0100001483000058315,,Vape Cartridges,,1A40E0100001483000058315,No Strain,"Green Country Research, Inc.",store,0,3/13/2025,3/12/2025,Vape Cartridges,Yes,0,13
35465780,Mango Tango | Hybrid | 2G Disposable | Cure Injoy,1A40E0100001483000058316,,Vape Cartridges,Disposable,1A40E0100001483000058316,No Strain,"Green Country Research, Inc.",store,0,3/13/2025,3/12/2025,Vape Cartridges,Yes,0,13
C9D5C7,Cure Injoy - 2G - Disposable - RS11,1A40E0100001483000068332,,Vape Cartridges,,1A40E0100001483000068332,No Strain,"Green Country Research, Inc.",store,0,4/18/2025,4/18/2025,Vape Cartridges,Yes,0,13
61820909,Cure Injoy - 2G - Disposable - Tropical Gelato,1A40E0100001483000068333,,Vape Cartridges,Disposable,1A40E0100001483000068333,No Strain,"Green Country Research, Inc.",store,0,4/18/2025,4/18/2025,Vape Cartridges,Yes,0,13
0A1D8B,Cure Injoy - 2G - Disposable - Pink Panties,1A40E0100001483000068334,,Vape Cartridges,,1A40E0100001483000068334,No Strain,"Green Country Research, Inc.",store,0,4/18/2025,4/18/2025,Vape Cartridges,Yes,0,13
238EEF,Cure Injoy - 2G - Disposable - Papaya Kush,1A40E0100001483000068335,,Vape Cartridges,,1A40E0100001483000068335,No Strain,"Green Country Research, Inc.",store,0,4/18/2025,4/18/2025,Vape Cartridges,Yes,0,13
70509165,Lemon Breath | Hybrid | Flower | Pott County Boys,1A40E010000159D000002917,,Flower,Flower,1A40E010000159D000002917,No Strain,Pot County Boys llp,store,0 g,2/13/2025,2/20/2025,Flower,Yes,0,0.87
07698616,Cadillac Rainbow | Hybrid | Flower | Pott County Boys,1A40E010000159D000002918,,Flower,Flower,1A40E010000159D000002918,No Strain,Pot County Boys llp,store,0 g,2/13/2025,2/20/2025,Flower,Yes,0,0.87
49652342,White Truffle | Indica |  Flower | Pott County Boys,1A40E010000159D000002919,,Flower,Flower,1A40E010000159D000002919,WHITE TRUFFLE,Pot County Boys llp,store,0 g,2/13/2025,2/20/2025,Flower,Yes,0,1.31
53291427,Kush Mints| Hybrid | Flower | Pott County Boys,1A40E010000159D000002920,,Flower,Flower,1A40E010000159D000002920,KUSH MINTS,Pot County Boys llp,store,0 g,2/13/2025,2/20/2025,Flower,Yes,0,1.18
27520980,Ooh La La | Hybrid | Flower | Pott County Boys,1A40E010000159D000002921,,Flower,Flower,1A40E010000159D000002921,Ooh La La,Pot County Boys llp,store,0 g,2/13/2025,2/20/2025,Flower,Yes,0,0.87
62490734,OG Kush | Hybrid | Flower | Pott County Boys,1A40E010000159D000002922,,Flower,Flower,1A40E010000159D000002922,OG Kush,Pot County Boys llp,store,0 g,2/13/2025,2/20/2025,Flower,Yes,0,0.87
79162989,Chem de la Chem | Sativa | Flower | Pott County Boys,1A40E010000159D000002923,,Flower,Flower,1A40E010000159D000002923,Chem de la Chem,Pot County Boys llp,store,0 g,2/13/2025,2/20/2025,Flower,Yes,0,1.31
13011899,Lemonage | Sativa | Flower | Pott County Boys,1A40E010000159D000002924,,Flower,Flower,1A40E010000159D000002924,Lemonage,Pot County Boys llp,store,0 g,2/13/2025,2/20/2025,Flower,Yes,0,1
37262247,Skunk XL | Hybrid | Pre-Roll | Pott County Boys,1A40E010000159D000002925,,Pre-Rolls,Pre-Roll,1A40E010000159D000002925,Skunk XL,Pot County Boys llp,store,0,2/13/2025,2/20/2025,Flower,Yes,0,0.01
65197798,Dino Candy | Sativa | Pre-Roll | Pott County Boys,1A40E010000159D000002926,,Pre-Rolls,Pre-Roll,1A40E010000159D000002926,Dino Candy,Pot County Boys llp,store,0,2/13/2025,2/20/2025,Flower,Yes,0,0.01
48825941,Jamaican Dream | Sativa |  Pre-Roll | Pott County Boys,1A40E010000159D000002927,,Pre-Rolls,Pre-Roll,1A40E010000159D000002927,Jamaican Dream,Pot County Boys llp,store,0,2/13/2025,2/20/2025,Flower,Yes,0,0.01
32869480,Pink Cadillac  | Indica | Pre-Roll | Pott County Boys,1A40E010000159D000002928,,Pre-Rolls,Pre-Roll,1A40E010000159D000002928,Pink Cadillac,Pot County Boys llp,store,0,2/13/2025,2/20/2025,Flower,Yes,0,0.01
27726304,Ice Cream Paint Job  | Indica | Pre-Roll | Pott County Boys,1A40E010000159D000002929,,Pre-Rolls,Pre-Roll,1A40E010000159D000002929,Ice Cream Paint Job,Pot County Boys llp,store,0,2/13/2025,2/20/2025,Flower,Yes,0,0.01
32536794,Ooh La La  | Hybrid | Pre-Roll | Pott County Boys,1A40E010000159D000002930,,Pre-Rolls,Pre-Roll,1A40E010000159D000002930,Ooh La La,Pot County Boys llp,store,0,2/13/2025,2/20/2025,Flower,Yes,0,0.01
31244606,Tropicana Banana  | Sativa | Pre-Roll | Pott County Boys,1A40E010000159D000002931,,Pre-Rolls,Pre-Roll,1A40E010000159D000002931,Tropicana Banana,Pot County Boys llp,store,0,2/13/2025,2/20/2025,Flower,Yes,0,0.01
27560477,Chem de la Chem  | Sativa | Pre- Roll | Pott County Boys,1A40E010000159D000002932,,Pre-Rolls,Pre-Roll,1A40E010000159D000002932,Chem de la Chem,Pot County Boys llp,store,0,2/13/2025,2/20/2025,Flower,Yes,0,0.01
38712769,Kush Mints  | Hybrid | Pott County Boys | Pre-Roll | GO Special,1A40E010000159D000002933,,Pre-Rolls,Pre-Roll,1A40E010000159D000002933,KUSH MINTS,Pot County Boys llp,store,0,2/13/2025,2/20/2025,Flower,Yes,0,0.01
93761927,TERPLERAIN | HYBRID | PRE-ROLL | POTT COUNTY BOYS,1A40E010000159D000003053,,Pre-Rolls,,1A40E010000159D000003053,TERPLERAIN,Pot County Boys llp,store,0,3/6/2025,3/6/2025,Flower,Yes,0,1
48825941,Jamaican Dream | Sativa |  Pre-Roll | Pott County Boys,1A40E010000159D000003054,,Pre-Rolls,Pre-Roll,1A40E010000159D000003054,Jamaican Dream,Pot County Boys llp,store,0,3/6/2025,3/6/2025,Flower,Yes,0,0.01
27726304,Ice Cream Paint Job  | Indica | Pre-Roll | Pott County Boys,1A40E010000159D000003055,,Pre-Rolls,Pre-Roll,1A40E010000159D000003055,Ice Cream Paint Job,Pot County Boys llp,store,0,3/6/2025,3/6/2025,Flower,Yes,0,0.01
25327623,GMO | INDICA | PRE-ROLL | POTT COUNTY BOYS,1A40E010000159D000003056,,Pre-Rolls,,1A40E010000159D000003056,GMO,Pot County Boys llp,store,0,3/6/2025,3/6/2025,Flower,Yes,0,1
41204421,BERMUDA TRIANGE | hYBRID | PRE-ROLL | POTT COUNTY BOYS,1A40E010000159D000003057,,Pre-Rolls,,1A40E010000159D000003057,Bermuda Triangle,Pot County Boys llp,store,0,3/6/2025,3/6/2025,Flower,Yes,0,1
65197798,Dino Candy | Sativa | Pre-Roll | Pott County Boys,1A40E010000159D000003102,,Pre-Rolls,Pre-Roll,1A40E010000159D000003102,Dino Candy,Pot County Boys llp,store,0,3/15/2025,3/14/2025,Flower,Yes,0,1
31244606,Tropicana Banana  | Sativa | Pre-Roll | Pott County Boys,1A40E010000159D000003103,,Pre-Rolls,Pre-Roll,1A40E010000159D000003103,Tropicana Banana,Pot County Boys llp,store,0,3/15/2025,3/14/2025,Flower,Yes,0,1
25327623,GMO | INDICA | PRE-ROLL | POTT COUNTY BOYS,1A40E010000159D000003104,,Pre-Rolls,,1A40E010000159D000003104,GMO,Pot County Boys llp,store,0,3/15/2025,3/14/2025,Flower,Yes,0,1
25327623,GMO | INDICA | PRE-ROLL | POTT COUNTY BOYS,1A40E010000159D000003142,,Pre-Rolls,,1A40E010000159D000003142,GMO,Pot County Boys llp,store,0,3/22/2025,3/22/2025,Flower,Yes,0,1
17217580,TRUFFLE MINTS PRE-ROLL,1A40E010000159D000003143,,Pre-Rolls,,1A40E010000159D000003143,No Strain,Pot County Boys llp,store,0,3/22/2025,3/22/2025,Flower,Yes,0,1
94232412,LEMONAGE | SATIVA | PRE-ROLL | POTT COUNTY BOYS,1A40E010000159D000003199,,Pre-Rolls,,1A40E010000159D000003199,GMO,Pot County Boys llp,store,0,4/1/2025,4/1/2025,Flower,Yes,0,1
48825941,Jamaican Dream | Sativa |  Pre-Roll | Pott County Boys,1A40E010000159D000003202,,Pre-Rolls,Pre-Roll,1A40E010000159D000003202,Jamaican Dream,Pot County Boys llp,store,0,4/1/2025,4/1/2025,Flower,Yes,0,0.01
25327623,GMO | INDICA | PRE-ROLL | POTT COUNTY BOYS,1A40E010000159D000003203,,Pre-Rolls,,1A40E010000159D000003203,GMO,Pot County Boys llp,store,0,4/1/2025,4/1/2025,Flower,Yes,0,1
41204421,BERMUDA TRIANGE | hYBRID | PRE-ROLL | POTT COUNTY BOYS,1A40E010000159D000003204,,Pre-Rolls,,1A40E010000159D000003204,Bermuda Triangle,Pot County Boys llp,store,0,4/1/2025,4/1/2025,Flower,Yes,0,1
44244771,TRUFFLE MINTS | INDICA | PRE-ROLL | POTT COUNTY BOYS,1A40E010000159D000003205,,Pre-Rolls,,1A40E010000159D000003205,GMO,Pot County Boys llp,store,0,4/1/2025,4/1/2025,Flower,Yes,0,1
27560477,Chem de la Chem  | Sativa | Pre- Roll | Pott County Boys,1A40E010000159D000003207,,Pre-Rolls,Pre-Roll,1A40E010000159D000003207,Chem de la Chem,Pot County Boys llp,store,0,4/1/2025,4/1/2025,Flower,Yes,0,0.01
48825941,Jamaican Dream | Sativa |  Pre-Roll | Pott County Boys,1A40E010000159D000003325,,Pre-Rolls,Pre-Roll,1A40E010000159D000003325,Jamaican Dream,Pot County Boys llp,store,0,4/16/2025,4/15/2025,Flower,Yes,0,0.01
27560477,Chem de la Chem  | Sativa | Pre- Roll | Pott County Boys,1A40E010000159D000003326,,Pre-Rolls,Pre-Roll,1A40E010000159D000003326,Chem de la Chem,Pot County Boys llp,store,0,4/16/2025,4/15/2025,Flower,Yes,0,0.01
25327623,GMO | INDICA | PRE-ROLL | POTT COUNTY BOYS,1A40E010000159D000003327,,Pre-Rolls,,1A40E010000159D000003327,GMO,Pot County Boys llp,store,0,4/16/2025,4/15/2025,Flower,Yes,0,1
41204421,BERMUDA TRIANGE | hYBRID | PRE-ROLL | POTT COUNTY BOYS,1A40E010000159D000003328,,Pre-Rolls,,1A40E010000159D000003328,Bermuda Triangle,Pot County Boys llp,store,0,4/16/2025,4/15/2025,Flower,Yes,0,1
44244771,TRUFFLE MINTS | INDICA | PRE-ROLL | POTT COUNTY BOYS,1A40E010000159D000003329,,Pre-Rolls,,1A40E010000159D000003329,GMO,Pot County Boys llp,store,0,4/16/2025,4/15/2025,Flower,Yes,0,1
94232412,LEMONAGE | SATIVA | PRE-ROLL | POTT COUNTY BOYS,1A40E010000159D000003330,,Pre-Rolls,,1A40E010000159D000003330,GMO,Pot County Boys llp,store,0,4/16/2025,4/15/2025,Flower,Yes,0,1
43878559,TROPICAL CAKE | INDICA | PREROLL | POTT COUNTY BOYS,1A40E010000159D000003331,,Pre-Rolls,,1A40E010000159D000003331,TROPICAL CAKE,Pot County Boys llp,store,0,4/16/2025,4/15/2025,Flower,Yes,0,1
20060103,promo pre rolls,1A40E010000159D000003375,,Pre-Rolls,,1A40E010000159D000003375,No Strain,Pot County Boys llp,store,0,4/27/2025,5/12/2025,Flower,Yes,0,0
41507890,Double Baked Cake | Hybrid |  Flower | Nugz,1A40E0100001981000005441,,Flower,Flower,1A40E0100001981000005441,Double Baked Cake,Grassfire LLC,store,0 g,1/23/2025,2/21/2025,Flower,Yes,0,2.2
87517944,Mango OG | Indica |  Flower | Nugz,1A40E0100001981000005442,,Flower,Flower,1A40E0100001981000005442,Mango OG,Grassfire LLC,store,0 g,1/23/2025,2/21/2025,Flower,Yes,0,2.2
55644832,Pablo's Revenge | Hybrid |  Flower | Nugz,1A40E0100001981000005443,,Flower,Flower,1A40E0100001981000005443,Pablo's Revenge,Grassfire LLC,store,22.5 g,1/23/2025,2/21/2025,Flower,Yes,22.5,2.2
23940625,Runtz 45 | Hybrid |  Flower | Nugz,1A40E0100001981000005444,,Flower,Flower,1A40E0100001981000005444,Runtz 45,Grassfire LLC,store,22.5 g,1/23/2025,2/21/2025,Flower,Yes,22.5,2.2
71789591,Sherbert | Indica |  Flower | Nugz,1A40E0100001981000005445,,Flower,Flower,1A40E0100001981000005445,Sherbert,Grassfire LLC,store,3.9 g,1/23/2025,2/21/2025,Flower,Yes,3.9,2.2
74037491,White Runtz | Hybrid |  Flower | Nugz,1A40E0100001981000005446,,Flower,Flower,1A40E0100001981000005446,White Runtz,Grassfire LLC,store,0 g,1/23/2025,2/21/2025,Flower,Yes,0,2.2
99147195,White Truffle | Hybrid |  Flower | Nugz,1A40E0100001981000005447,,Flower,Flower,1A40E0100001981000005447,WHITE TRUFFLE,Grassfire LLC,store,0 g,1/23/2025,2/21/2025,Flower,Yes,0,2.2
43151457,Mic Drop | Sativa | Flower | Pollen Nation,1A40E01000023A9000007435,,Flower,Flower,1A40E01000023A9000007435,Mic Drop,Pollen Nation Cultivation LLC,store,0 g,2/13/2025,2/21/2025,Flower,Yes,0,1.75
69719901,Vice City | Hybrid | Flower | Pollen Nation,1A40E01000023A9000007436,,Flower,Flower,1A40E01000023A9000007436,Vice City,Pollen Nation Cultivation LLC,store,0 g,2/13/2025,2/21/2025,Flower,Yes,0,1.75
04171257,Strawberries and Cream | GO 3.5 | Pollen Nation,1A40E01000023A9000007513,,Flower,,1A40E01000023A9000007513,Strawberries and Cream,Pollen Nation Cultivation LLC,store,12,2/21/2025,2/21/2025,Flower,Yes,12,0.01
96391693,STRAWBERRIES N CREAM | SATIVA | FLOWER | POLLEN NATION,1A40E01000023A9000007751,,Flower,,1A40E01000023A9000007751,STRAWBERRIES N CREAM,Pollen Nation Cultivation LLC,store,0 g,4/3/2025,4/2/2025,Flower,Yes,0,1
85743608,BOTTOM BIRD | FLOWER | POLLEN NATION,1A40E01000023A9000007791,,Flower,,1A40E01000023A9000007791,BOTTOM BIRD,Pollen Nation Cultivation LLC,store,16.4 g,4/21/2025,4/21/2025,Flower,Yes,16.4,2.20459
16238181,LONDON MARKER | FLOWER | POLLEN NATION,1A40E01000023A9000007890,,Flower,,1A40E01000023A9000007890,LONDON MARKER,Pollen Nation Cultivation LLC,store,14 g,4/21/2025,4/21/2025,Flower,Yes,14,0
16238181,LONDON MARKER | FLOWER | POLLEN NATION,1A40E01000023A9000007893,,Flower,,1A40E01000023A9000007893,LONDON MARKER,Pollen Nation Cultivation LLC,store,0 g,4/21/2025,4/21/2025,Flower,Yes,0,250
08586394,PURPLE PINEAPPLE | FLOWER | POLLEN NATION,1A40E01000023A9000008150,,Flower,,1A40E01000023A9000008150,PURPLE PINEAPPLE,Pollen Nation Cultivation LLC,store,23.4 g,5/22/2025,5/21/2025,Flower,Yes,23.4,250
94871186,WEDDING CAKE | FLOWER | POLLEN NATION,1A40E01000023A9000008151,,Flower,,1A40E01000023A9000008151,WEDDING CAKE,Pollen Nation Cultivation LLC,store,62.4 g,5/22/2025,5/21/2025,Flower,Yes,62.4,250
42131165,WET BETTY | FLOWER | POLLEN NATION,1A40E01000023A9000008152,,Flower,,1A40E01000023A9000008152,WET BETTY,Pollen Nation Cultivation LLC,store,98.4 g,5/22/2025,5/21/2025,Flower,Yes,98.4,250
07245566,FLAMIN CHEETOS | FLOWER | POLLEN NATION,1A40E01000023A9000008153,,Flower,,1A40E01000023A9000008153,FLAMIN CHEETOS,Pollen Nation Cultivation LLC,store,0 g,5/22/2025,5/21/2025,Flower,Yes,0,250
92547624,ASTROGLIDE | FLOWER | POLLEN NATION,1A40E01000023A9000008154,,Flower,,1A40E01000023A9000008154,ASTROGLIDE,Pollen Nation Cultivation LLC,store,279 g,5/22/2025,5/21/2025,Flower,Yes,279,0
43160424,25:25 | 500 MG CBD | 500 MG THC | RASPBERRY GUMMIES | NATURES KEY,1A40E01000025BC000040240,,Edibles,,1A40E01000025BC000040240,No Strain,NATURES KEY,store,10,4/16/2025,4/16/2025,Edibles,Yes,10,9
55053748,25:10 | 500 MG CBD | 200 MG THC | ORANGE PINEAPPLE GUMMIES | NATURES KEY,1A40E01000025BC000040241,,Edibles,,1A40E01000025BC000040241,No Strain,NATURES KEY,store,9,4/16/2025,4/16/2025,Edibles,Yes,9,7
88402967,25:5 | 500 MG CBD | 100 MG THC | WATERMELON GUMMIES | NATURES KEY,1A40E01000025BC000040242,,Edibles,,1A40E01000025BC000040242,No Strain,NATURES KEY,store,9,4/16/2025,4/16/2025,Edibles,Yes,9,7
65219084,2:1:1 | 400MG THC | 200MG CBD | 200MG CBG | STRAWBERRY PEACH GUMMIES | NATURES KEY,1A40E01000025BC000040243,,Edibles,,1A40E01000025BC000040243,No Strain,NATURES KEY,store,10,4/16/2025,4/16/2025,Edibles,Yes,10,8
18700646,1:1:1 | 200MG THC | 200MG CBD | 200MG CBG | BLUEBERRY LEMON GUMMIES | NATURES KEY,1A40E01000025BC000040244,,Edibles,,1A40E01000025BC000040244,No Strain,NATURES KEY,store,9,4/16/2025,4/16/2025,Edibles,Yes,9,8
96700391,500 MG | JUMPSTART SATIVA GUMMIES | NATURES KEY,1A40E01000025BC000040245,,Edibles,,1A40E01000025BC000040245,No Strain,NATURES KEY,store,9,4/16/2025,4/16/2025,Edibles,Yes,9,10
08301597,500 MG | SWEET DREAMZ INDICA GUMMIES | NATURES KEY,1A40E01000025BC000040246,,Edibles,,1A40E01000025BC000040246,No Strain,NATURES KEY,store,7,4/16/2025,4/16/2025,Edibles,Yes,7,10
34707302,2000 MG | SCREAMIN EAGLE GUMMIES | NATURES KEY,1A40E01000025BC000040247,,Edibles,,1A40E01000025BC000040247,No Strain,NATURES KEY,store,6,4/16/2025,4/16/2025,Edibles,Yes,6,18
21937873,25:50:5 | 500MG CBD | 1000MG THC | 100MG CBG | META DOSE GUMMIES | NATURES KEY,1A40E01000025BC000040248,,Edibles,,1A40E01000025BC000040248,No Strain,NATURES KEY,store,8,4/16/2025,4/16/2025,Edibles,Yes,8,14
40819352,1000 MG | MONSTER BITES GUMMIES | NATURES KEY,1A40E01000025BC000040249,,Edibles,,1A40E01000025BC000040249,No Strain,NATURES KEY,store,6,4/16/2025,4/16/2025,Edibles,Yes,6,14
15367984,1000 MG | BLUEBERRY INDICA GUMMIES | NATURES KEY,1A40E01000025BC000040250,,Edibles,,1A40E01000025BC000040250,No Strain,NATURES KEY,store,8,4/16/2025,4/16/2025,Edibles,Yes,8,10
83398992,1000 MG | SOUR GREEN APPLE GUMMIES | NATURES KEY,1A40E01000025BC000050251,,Edibles,,1A40E01000025BC000050251,No Strain,NATURES KEY,store,7,4/16/2025,4/16/2025,Edibles,Yes,7,10
55812195,1000 MG | TROPICAL SATIVA GUMMIES | NATURES KEY,1A40E01000025BC000050252,,Edibles,,1A40E01000025BC000050252,No Strain,NATURES KEY,store,0,4/16/2025,4/16/2025,Edibles,Yes,0,10
25602760,1000 MG | STRAWBERRY GUMMIES | NATURES KEY,1A40E01000025BC000050253,,Edibles,,1A40E01000025BC000050253,No Strain,NATURES KEY,store,5,4/16/2025,4/16/2025,Edibles,Yes,5,10
95293274,1000 MG | PEACH INDICA GUMMIES | NATURES KEY,1A40E01000025BC000050254,,Edibles,,1A40E01000025BC000050254,No Strain,NATURES KEY,store,6,4/16/2025,4/16/2025,Edibles,Yes,6,10
97420307,100 MG | BLUEBERRY PEACH GUMMIES | NATURES KEY,1A40E01000025BC000053654,,Edibles,,1A40E01000025BC000053654,No Strain,NATURES KEY,store,9,4/16/2025,4/16/2025,Edibles,Yes,9,5
23724936,100 MG | BLUEBERRY LEMON GUMMIES | NATURES KEY,1A40E01000025BC000053655,,Edibles,,1A40E01000025BC000053655,No Strain,NATURES KEY,store,10,4/16/2025,4/16/2025,Edibles,Yes,10,5
47822115,100 MG | CHERRY APPLE GUMMIES | NATURES KEY,1A40E01000025BC000053656,,Edibles,,1A40E01000025BC000053656,No Strain,NATURES KEY,store,9,4/16/2025,4/16/2025,Edibles,Yes,9,5
18315354,100 MG | SOUR APPLE GUMMIES | NATURES KEY,1A40E01000025BC000053657,,Edibles,,1A40E01000025BC000053657,No Strain,NATURES KEY,store,8,4/16/2025,4/16/2025,Edibles,Yes,8,5
84906001,Georgia Asphalt | Indica | Flower | Mowdy,1A40E01000027A2000001813,,Flower,Flower,1A40E01000027A2000001813,Georgia Asphalt,Mowdy Farms,store,0 g,1/29/2025,2/21/2025,Flower,Yes,0,0
11101898,Gas Basket | Hybrid | Flower | Mowdy,1A40E01000027A2000001816,,Flower,Flower,1A40E01000027A2000001816,Gas Basket,Mowdy Farms,store,0 g,1/29/2025,2/21/2025,Flower,Yes,0,0
71111820,Fish Bowl | Sativa | Mowdy,1A40E01000027A2000001854,,Flower,,1A40E01000027A2000001854,No Strain,Mowdy Farms,store,39 g,3/11/2025,3/10/2025,Flower,Yes,39,0
05885344,Apples and Bananas | Hybrid Flower | Mowdy,1A40E01000027A2000001859,,Flower,,1A40E01000027A2000001859,No Strain,Mowdy Farms,store,0 g,3/11/2025,3/10/2025,Flower,Yes,0,0
56967274,Georgia Asphalt,1A40E01000027A2000001863,In production,Flower,,1A40E01000027A2000001863,No Strain,Mowdy Farms,store,93 g,3/11/2025,3/10/2025,Flower,Yes,93,0
66881170,1000 MG | ASSORTED DRINKS | CANNAFUSION,1A40E01000032CA000003513,,Beverages,,1A40E01000032CA000003513,No Strain,CANNAFUSION,store,7,4/21/2025,4/21/2025,Edibles,Yes,7,8
61994811,120 MG | ASSORTED DRINKS | CANNAFUSION,1A40E01000032CA000003514,,Beverages,,1A40E01000032CA000003514,No Strain,CANNAFUSION,store,18,4/21/2025,4/21/2025,Edibles,Yes,18,4
24911086,50 MG SINGLE | ASSORTED GUMMIES | CANNAFUSION,1A40E01000032CA000003516,,Edibles,,1A40E01000032CA000003516,No Strain,CANNAFUSION,store,47,4/21/2025,4/21/2025,Edibles,Yes,47,0.75
00146694,100 MG SINGLE | ASSORTED GUMMIES | CANNAFUSION,1A40E01000032CA000003517,,Edibles,,1A40E01000032CA000003517,No Strain,CANNAFUSION,store,25,4/21/2025,4/21/2025,Edibles,Yes,25,1.25
16018162,Lilac Diesel | Hybrid |  Flower | Lucid Farms,1A40E01000046BD000000074,,Flower,Flower,1A40E01000046BD000000074,Lilac Diesel,Lucid Farms LLC,store,0 lb,12/29/2024,2/21/2025,Flower,Yes,0,1.9
16018162,Lilac Diesel | Hybrid |  Flower | Lucid Farms,1A40E01000046BD000000087,,Flower,Flower,1A40E01000046BD000000087,Lilac Diesel,Lucid Farms LLC,store,0 g,4/17/2025,4/17/2025,Flower,Yes,0,1.9
66424701,Canna Pepper | 25mg | Country Cannabis,1A40E010000490D000201648,,Edibles,Soda,1A40E010000490D000201648,Multi Harvest,Big Country Investment Group Corp.,store,0,1/11/2025,2/21/2025,Edibles,Yes,0,3
33581344,Electric Lemon | 25mg | Country Cannabis,1A40E010000490D000201650,,Edibles,Soda,1A40E010000490D000201650,Multi Harvest,Big Country Investment Group Corp.,store,1,1/11/2025,2/21/2025,Edibles,Yes,1,0.01
78072823,Popcorn | 560mg | Country Cannabis,1A40E010000490D000203214,,Edibles,,1A40E010000490D000203214,Multi Harvest,Big Country Investment Group Corp.,store,0,1/16/2025,2/21/2025,Edibles,Yes,0,6
07363960,Root Beer | 25mg | Country Cannabis | $7,1A40E010000490D000210141,,Beverages,Soda,1A40E010000490D000210141,Multi Harvest,Big Country Investment Group Corp.,store,0,2/21/2025,2/20/2025,Edibles,Yes,0,3
89926894,Big League Choo  | Indica | Flower |  Green Dynasty,1A40E01000057F0000038584,,Flower,Flower,1A40E01000057F0000038584,Big League Choo,Green Dynasty LLC,store,0 g,2/21/2025,2/21/2025,Flower,Yes,0,5
83454840,Banana OG |  Pre-Roll | Green Dynasty,1A40E01000057F0000043116,,Pre-Rolls,Pre-Roll,1A40E01000057F0000043116,Banana OG,Green Dynasty LLC,store,2,2/21/2025,2/21/2025,Flower,Yes,2,0.01
75561865,Funkdafied |  Pre-Roll | Green Dynasty,1A40E01000057F0000043117,,Pre-Rolls,Pre-Roll,1A40E01000057F0000043117,Funkdafied,Green Dynasty LLC,store,0,2/21/2025,2/21/2025,Flower,Yes,0,0.01
15546010,Animal Tsunami | Indica | Flower | Green Dynasty,1A40E01000057F0000043118,,Flower,,1A40E01000057F0000043118,Animal Tsunami,Green Dynasty LLC,store,0 g,2/21/2025,2/21/2025,Flower,Yes,0,3.62
74141910,Cat Piss | Sativa | Flower |  Green Dynasty,1A40E01000057F0000043119,,Flower,Flower,1A40E01000057F0000043119,Cat Piss,Green Dynasty LLC,store,0 g,2/21/2025,2/21/2025,Flower,Yes,0,3.62
09963431,Pink Runtz | Hybrid | Flower |  Green Dynasty,1A40E01000057F0000043120,,Flower,Flower,1A40E01000057F0000043120,Pink Runtz,Green Dynasty LLC,store,0 g,2/21/2025,2/21/2025,Flower,Yes,0,3.62
91421298,Strawberry Runtz | Hybrid | Flower |  Green Dynasty,1A40E01000057F0000043121,,Flower,Flower,1A40E01000057F0000043121,Strawberry Runtz,Green Dynasty LLC,store,0 g,2/21/2025,2/21/2025,Flower,Yes,0,3.62
15988756,Sub Zero  | Indica | Flower |  Green Dynasty,1A40E01000057F0000043122,,Flower,Flower,1A40E01000057F0000043122,Sub Zero,Green Dynasty LLC,store,0 g,2/21/2025,2/21/2025,Flower,Yes,0,0.01
78196607,Tangie  | Sativa | Flower |  Green Dynasty,1A40E01000057F0000043123,,Flower,Flower,1A40E01000057F0000043123,Tangie,Green Dynasty LLC,store,0 g,2/21/2025,2/21/2025,Flower,Yes,0,3.62
25250413,Tropicana Cherry | Sativa | Flower |  Green Dynasty,1A40E01000057F0000043124,,Flower,Flower,1A40E01000057F0000043124,Tropicana Cherry,Green Dynasty LLC,store,0 g,2/21/2025,2/21/2025,Flower,Yes,0,0.01
74010810,Glitter Bomb | Indica | Flower |  Green Dynasty,1A40E01000057F0000043234,,Flower,Flower,1A40E01000057F0000043234,Glitter Bomb,Green Dynasty LLC,store,0 g,2/23/2025,2/22/2025,Flower,Yes,0,0.01
16340206,MODIFIED GRAPES | Indica | Flower |  Green Dynasty,1A40E01000057F0000043235,,Flower,Flower,1A40E01000057F0000043235,Modified Grapes,Green Dynasty LLC,store,31.5 g,2/23/2025,2/22/2025,Flower,Yes,31.5,0.01
86129714,Slumper | Indica | Infused 5pk | Ruby Mae's,1A40E0100005CA7000049780,,Infused Pre-Rolls,Flower,1A40E0100005CA7000049780,Slumper,"Ruby Mae's, LLC",store,0,1/29/2025,2/21/2025,Concentrates,Yes,0,13.5
18187786,Mia Tai Tartz | Sativa | Infused 5pk | Ruby Mae's,1A40E0100005CA7000049781,,Infused Pre-Rolls,Flower,1A40E0100005CA7000049781,Mai Tai Tartz,"Ruby Mae's, LLC",store,0,1/29/2025,2/21/2025,Concentrates,Yes,0,13.5
96708810,Banana Butter Cup | Hybrid | Infused 5pk | Ruby Mae's,1A40E0100005CA7000049783,,Infused Pre-Rolls,Pre-Roll,1A40E0100005CA7000049783,Banana Butter Cup,"Ruby Mae's, LLC",store,0,1/29/2025,2/21/2025,Concentrates,Yes,0,13.5
17183278,Freezer Jam | Sativa| Infused 5pk | Ruby Mae's,1A40E0100005CA7000049784,,Infused Pre-Rolls,Pre-Roll,1A40E0100005CA7000049784,Freezer Jam,"Ruby Mae's, LLC",store,0,1/29/2025,2/21/2025,Concentrates,Yes,0,13.5
71754372,Ice Cheeks | Hybrid | Infused 5pk | Ruby Mae's,1A40E0100005CA7000049785,,Infused Pre-Rolls,Pre-Roll,1A40E0100005CA7000049785,Ice Cheeks,"Ruby Mae's, LLC",store,0,1/29/2025,2/21/2025,Concentrates,Yes,0,13.5
23912603,"Assorted Gummies | 1,000mg | Ruby Mae's",1A40E0100005CA7000049786,,Edibles,Gummies,1A40E0100005CA7000049786,Multi Harvest,"Ruby Mae's, LLC",store,1,1/29/2025,2/21/2025,Edibles,Yes,1,9
87848801,"Strawberry Gummies | 1,000mg | Ruby Mae's",1A40E0100005CA7000049787,,Edibles,Gummies,1A40E0100005CA7000049787,Multi Harvest,"Ruby Mae's, LLC",store,3,1/29/2025,2/21/2025,Edibles,Yes,3,9
27116214,"Green Apple Gummies | 1,000mg | Ruby Mae's",1A40E0100005CA7000049788,,Edibles,Gummies,1A40E0100005CA7000049788,Multi Harvest,"Ruby Mae's, LLC",store,0,1/29/2025,2/21/2025,Edibles,Yes,0,9
85825881,"Sour Watermelon Gummies | 1,000mg | Ruby Mae's",1A40E0100005CA7000049789,,Edibles,Gummies,1A40E0100005CA7000049789,Multi Harvest,"Ruby Mae's, LLC",store,4,1/29/2025,2/21/2025,Edibles,Yes,4,9
24676175,"Black Cherry Gummies | 1,000mg | Ruby Mae's",1A40E0100005CA7000049790,,Edibles,Gummies,1A40E0100005CA7000049790,Multi Harvest,"Ruby Mae's, LLC",store,1,1/29/2025,2/21/2025,Edibles,Yes,1,9
00570463,BLUEBERRY SUGAR | INFUSED PREROLL |  RUBY MAE,1A40E0100005CA7000052771,,Infused Pre-Rolls,,1A40E0100005CA7000052771,BLUEBERRY SUGAR,"Ruby Mae's, LLC",store,0,3/27/2025,3/27/2025,Concentrates,Yes,0,7.5
01135333,CRYO WOLF | FP INFUSED PRE ROLL | RUBY MAE,1A40E0100005CA7000052772,,Infused Pre-Rolls,,1A40E0100005CA7000052772,CRYO WOLF,"Ruby Mae's, LLC",store,0,3/27/2025,3/27/2025,Concentrates,Yes,0,13.5
23614528,BIG APPLE | FP INFUSED | PREROLL,1A40E0100005CA7000052773,,Infused Pre-Rolls,,1A40E0100005CA7000052773,BIG APPLE RUBY MAE,"Ruby Mae's, LLC",store,0,3/27/2025,3/27/2025,Concentrates,Yes,0,0
82183295,CHIMERA | INFUSED PREROLL | RUBY MAES,1A40E0100005CA7000053499,,Infused Pre-Rolls,,1A40E0100005CA7000053499,CHIMERA,"Ruby Mae's, LLC",store,3,4/10/2025,4/10/2025,Concentrates,Yes,3,7
74198249,WILD BERRY FUMES | INFUSED PRE ROLL | RUBY MAES,1A40E0100005CA7000053500,,Infused Pre-Rolls,,1A40E0100005CA7000053500,No Strain,"Ruby Mae's, LLC",store,7,4/10/2025,4/10/2025,Concentrates,Yes,7,7
39181923,JEALOUSY | HYBRID | 5PK | RUBY MAES,1A40E0100005CA7000053501,,Infused Pre-Rolls,,1A40E0100005CA7000053501,JEALOUSY,"Ruby Mae's, LLC",store,0,4/10/2025,4/10/2025,Concentrates,Yes,0,12
07358992,APPLES & BANANAS | TWO 1.2 G PREROLLS | NUGZ,1A40E0100005F0E000009570,,Infused Pre-Rolls,,1A40E0100005F0E000009570,APPLES & BANANAS,Grassfire LLC,store,0,5/10/2025,5/9/2025,Concentrates,Yes,0,3.5
98383046,BLUEBERRY PANCAKE | TWO 1.2 G PREROLLS | NUGZ,1A40E0100005F0E000009571,,Infused Pre-Rolls,,1A40E0100005F0E000009571,BLUEBERRY PANCAKE,Grassfire LLC,store,0,5/10/2025,5/9/2025,Concentrates,Yes,0,3.5
20941630,GRAPE CRUSH | TWO 1.2 G PREROLLS | NUGZ,1A40E0100005F0E000009572,,Infused Pre-Rolls,,1A40E0100005F0E000009572,GRAPE CRUSH,Grassfire LLC,store,0,5/10/2025,5/9/2025,Concentrates,Yes,0,3.5
15942232,HASH BAR | TWO 1.2 G PREROLLS | NUGZ,1A40E0100005F0E000009573,,Infused Pre-Rolls,,1A40E0100005F0E000009573,HASH BAR,Grassfire LLC,store,0,5/10/2025,5/9/2025,Concentrates,Yes,0,3.5
12809369,JELLY RANCHER | TWO 1.2 G PREROLLS | NUGZ,1A40E0100005F0E000009574,,Infused Pre-Rolls,,1A40E0100005F0E000009574,JELLY RANCHER,Grassfire LLC,store,0,5/10/2025,5/9/2025,Concentrates,Yes,0,3.5
06747563,LEMON ICE | TWO 1.2 G PREROLLS | NUGZ,1A40E0100005F0E000009575,,Infused Pre-Rolls,,1A40E0100005F0E000009575,LEMON ICE,Grassfire LLC,store,0,5/10/2025,5/9/2025,Concentrates,Yes,0,3.5
66691832,LEMON OG | TWO 1.2 G PREROLLS | NUGZ,1A40E0100005F0E000009576,,Infused Pre-Rolls,,1A40E0100005F0E000009576,LEMON OG,Grassfire LLC,store,0,5/10/2025,5/9/2025,Concentrates,Yes,0,3.5
55071376,MANGO OG | TWO 1.2 G PREROLLS | NUGZ,1A40E0100005F0E000009577,,Infused Pre-Rolls,,1A40E0100005F0E000009577,Mango OG,Grassfire LLC,store,0,5/10/2025,5/9/2025,Concentrates,Yes,0,3.5
50462899,PURPLE GELATO | HASH HOLE PRE ROLL | NUGZ,1A40E0100005F0E000009578,,Infused Pre-Rolls,,1A40E0100005F0E000009578,PURPLE GELATO,Grassfire LLC,store,0,5/10/2025,5/9/2025,Concentrates,Yes,0,15
79018143,TROPIC THUNDER | TWO 1.2 G PREROLLS | NUGZ,1A40E0100005F0E000009579,,Infused Pre-Rolls,,1A40E0100005F0E000009579,TROPIC THUNDER,Grassfire LLC,store,0,5/10/2025,5/9/2025,Concentrates,Yes,0,3.5
04472540,TROPICANA CHERRY | TWO 1.2 G PREROLLS | NUGZ,1A40E0100005F0E000009580,,Infused Pre-Rolls,,1A40E0100005F0E000009580,Tropicana Cherry,Grassfire LLC,store,1,5/10/2025,5/9/2025,Concentrates,Yes,1,3.5
95202944,TRUFFLE CAKE | TWO 1.2 G PREROLLS | NUGZ,1A40E0100005F0E000009581,,Infused Pre-Rolls,,1A40E0100005F0E000009581,TRUFFLE CAKE,Grassfire LLC,store,0,5/10/2025,5/9/2025,Concentrates,Yes,0,3.5
66049454,Cereal Milk | Hybrid | Dab | 77 Extracts,1A40E0100006B99000007079,,BHO,Dabs,1A40E0100006B99000007079,Cereal Milk,Life of Riley LLC,store,0,1/14/2025,2/21/2025,Concentrates,Yes,0,3
38773396,Gastro Pop | Indica | Dab | 77 Extracts,1A40E0100006B99000007080,,BHO,Dabs,1A40E0100006B99000007080,Gastro Pop,Life of Riley LLC,store,0,1/14/2025,2/21/2025,Concentrates,Yes,0,3
24905485,MAC Runtz | Hybrid | Dab | 77 Extracts,1A40E0100006B99000007081,,BHO,Dabs,1A40E0100006B99000007081,MAC Runtz,Life of Riley LLC,store,4,1/14/2025,2/21/2025,Concentrates,Yes,4,3
26538860,Raspberry Brulee | Indica  | Dab | 77 Extracts,1A40E0100006B99000007082,,BHO,Dabs,1A40E0100006B99000007082,Raspberry Brulee,Life of Riley LLC,store,0,1/14/2025,2/21/2025,Concentrates,Yes,0,3
47074939,Taco Gelato | Hybrid | Dab | 77 Extracts,1A40E0100006B99000007083,,BHO,Dabs,1A40E0100006B99000007083,Raspberry Brulee,Life of Riley LLC,store,0,1/14/2025,2/21/2025,Concentrates,Yes,0,3
83319185,Gambo | Indica | Dab | 77 Extracts,1A40E0100006B99000007084,,BHO,Dabs,1A40E0100006B99000007084,Gambo,Life of Riley LLC,store,0,1/14/2025,2/21/2025,Concentrates,Yes,0,3
58755027,Cherry Dough | Indica | Dab | 77 Extracts,1A40E0100006B99000007085,,BHO,Dabs,1A40E0100006B99000007085,Cherry Dough,Life of Riley LLC,store,0,1/14/2025,2/21/2025,Concentrates,Yes,0,3
67216D,Runtz | Hybrid | 2g Disposable Vape | 77 Extracts,1A40E0100006B99000007086,,Vape Cartridges,Disposable,1A40E0100006B99000007086,No Strain,Life of Riley LLC,store,0,1/14/2025,2/21/2025,Vape Cartridges,Yes,0,10
32549F,Oreoz | Hybrid | 2g Disposable Vape | 77 Extracts,1A40E0100006B99000007087,,Vape Cartridges,Disposable,1A40E0100006B99000007087,OREOZ,Life of Riley LLC,store,0,1/14/2025,2/21/2025,Vape Cartridges,Yes,0,10
04F59D,Dante's Inferno | Indica | 2g Disposable Vape | 77 Extracts,1A40E0100006B99000007088,,Vape Cartridges,Disposable,1A40E0100006B99000007088,Dante's Inferno,Life of Riley LLC,store,7,1/14/2025,2/21/2025,Vape Cartridges,Yes,7,10
30C36E,Meat Breath | Indica | 2g Disposable Vape | 77 Extracts,1A40E0100006B99000007089,,Vape Cartridges,Disposable,1A40E0100006B99000007089,Meat Breath,Life of Riley LLC,store,2,1/14/2025,2/21/2025,Vape Cartridges,Yes,2,10
16687A,Rose | Hybrid | 2g Disposable Vape | 77 Extracts,1A40E0100006B99000007090,,Vape Cartridges,Disposable,1A40E0100006B99000007090,Rose,Life of Riley LLC,store,1,1/14/2025,2/21/2025,Vape Cartridges,Yes,1,10
71739346,Strawberry | 1000mg Gummies | Red Dirt,1A40E0100007789000013723,,Edibles,Gummies,1A40E0100007789000013723,Multi Harvest,Green Infusion LLC,store,0,2/24/2025,2/26/2025,Edibles,Yes,0,7
72706026,Cherry | 1000mg Gummies | Red Dirt,1A40E0100007789000013724,,Edibles,Gummies,1A40E0100007789000013724,Multi Harvest,Green Infusion LLC,store,0,2/24/2025,2/26/2025,Edibles,Yes,0,7
67482225,Strawberry Lemonade | 1000mg Gummies | Red Dirt,1A40E0100007789000013725,,Edibles,Gummies,1A40E0100007789000013725,Multi Harvest,Green Infusion LLC,store,0,2/24/2025,2/26/2025,Edibles,Yes,0,7
97984439,Orange | 1000mg Gummies | Red Dirt,1A40E0100007789000013726,,Edibles,Gummies,1A40E0100007789000013726,Multi Harvest,Green Infusion LLC,store,0,2/24/2025,2/26/2025,Edibles,Yes,0,7
94892451,Blue Raspberry | 1000mg Gummies | Red Dirt,1A40E0100007789000013727,,Edibles,Gummies,1A40E0100007789000013727,Multi Harvest,Green Infusion LLC,store,0,2/24/2025,2/26/2025,Edibles,Yes,0,7
27671602,Watermelon | 1000mg Gummies | Red Dirt,1A40E0100007789000013728,,Edibles,Gummies,1A40E0100007789000013728,Multi Harvest,Green Infusion LLC,store,0,2/24/2025,2/26/2025,Edibles,Yes,0,7
99476103,Pineapple | 250mg Gummies | Red Dirt,1A40E0100007789000013729,,Edibles,Gummies,1A40E0100007789000013729,Multi Harvest,Green Infusion LLC,store,2,2/24/2025,2/26/2025,Edibles,Yes,2,4
25851820,Cherry | 250mg Gummies | Red Dirt,1A40E0100007789000013730,,Edibles,Gummies,1A40E0100007789000013730,Multi Harvest,Green Infusion LLC,store,0,2/24/2025,2/26/2025,Edibles,Yes,0,4
82567595,Blue Raspberry | 250mg Gummies | Red Dirt,1A40E0100007789000013731,,Edibles,Gummies,1A40E0100007789000013731,Multi Harvest,Green Infusion LLC,store,0,2/24/2025,2/26/2025,Edibles,Yes,0,4
08683324,Grape | 250mg Gummies | Red Dirt,1A40E0100007789000013732,,Edibles,Gummies,1A40E0100007789000013732,Multi Harvest,Green Infusion LLC,store,1,2/24/2025,2/26/2025,Edibles,Yes,1,4
84599879,Capsules | 1000mg | Red Dirt,1A40E0100007789000013733,,Edibles,Gummies,1A40E0100007789000013733,Multi Harvest,Green Infusion LLC,store,0,2/24/2025,2/26/2025,Edibles,Yes,0,5
37026744,RSO | Red Dirt,1A40E0100007789000013734,,Edibles,,1A40E0100007789000013734,Multi Harvest,Green Infusion LLC,store,3,2/24/2025,2/26/2025,Edibles,Yes,3,6
95267186,MIKES STRAWBERRY LEMONADE | Hash Hits FIVE PACK | BUBBLEMAN,1A40E010000D035000001088,,Hash,,1A40E010000D035000001088,Mike's Strawberry Lemonade,Hall of Dank,store,14,2/23/2025,2/26/2025,Concentrates,Yes,14,12
70789134,SHOCKWAVE | Hash Hits FIVE PACK | BUBBLEMAN,1A40E010000D035000001089,,Hash,,1A40E010000D035000001089,Shockwave,Hall of Dank,store,20,2/23/2025,2/26/2025,Concentrates,Yes,20,12
11923894,STRELKA | Hash Hits FIVE PACK | BUBBLEMAN,1A40E010000D035000001090,,Hash,,1A40E010000D035000001090,STRELKA | FIVE PACK | BUBBLEMAN,Hall of Dank,store,18,2/23/2025,2/26/2025,Concentrates,Yes,18,12
88931226,MIKES STRAWBERRY LEMONADE | Hash Hits SINGLES | BUBBLEMAN,1A40E010000D035000001145,,Hash,,1A40E010000D035000001145,Mike's Strawberry Lemonade,Hall of Dank,store,2,2/23/2025,2/26/2025,Concentrates,Yes,2,2.75
68741627,SHOCKWAVE | INDICA | Hash Hits  SINGLE | BUBBLEMAN,1A40E010000D035000001146,,Hash,,1A40E010000D035000001146,Shockwave,Hall of Dank,store,3,2/23/2025,2/26/2025,Concentrates,Yes,3,2.75
80245616,STRELKA | Hash Hits SINGLES | BUBBLEMAN,1A40E010000D035000001147,,Hash,,1A40E010000D035000001147,Strelka,Hall of Dank,store,8,2/23/2025,2/26/2025,Concentrates,Yes,8,2.75
93972749,Chernobyl | Indica | Rosin Roll,1A40E010000D035000001150,,Infused Pre-Rolls,,1A40E010000D035000001150,Chernobyl,Hall of Dank,store,0,2/23/2025,2/26/2025,Concentrates,Yes,0,8
26763649,Qrazy Train | Hybrid | Rosin Roll,1A40E010000D035000001151,,Infused Pre-Rolls,,1A40E010000D035000001151,Qrazy Queen,Hall of Dank,store,0,2/23/2025,2/26/2025,Concentrates,Yes,0,8
27159371,Cookie Dough | Indica | Rosin Roll,1A40E010000D035000001153,,Infused Pre-Rolls,,1A40E010000D035000001153,Cookie Dough,Hall of Dank,store,0,2/23/2025,2/26/2025,Concentrates,Yes,0,8
78697127,Greasy Grape | Indica | Rosin Roll,1A40E010000D035000001154,,Infused Pre-Rolls,,1A40E010000D035000001154,Greasy Grape,Hall of Dank,store,0,2/23/2025,2/26/2025,Concentrates,Yes,0,8
56642082,Qrazy Queen  | Hybrid | 0.5g SHO Vape | HOD,1A40E010000D035000001155,,Disposable Vape,,1A40E010000D035000001155,Qrazy Queen,Hall of Dank,store,0,2/23/2025,2/26/2025,Vape Cartridges,Yes,0,18
73649274,Diamond Gelato | Indica | 0.5g SHO Vape | HOD,1A40E010000D035000001156,,Disposable Vape,,1A40E010000D035000001156,Diamond Gelato,Hall of Dank,store,0,2/23/2025,2/26/2025,Vape Cartridges,Yes,0,18
75369695,Black Cherry Pie | Hybrid | 0.5g SHO Vape | HOD,1A40E010000D035000001157,,Disposable Vape,,1A40E010000D035000001157,Black Cherry Pie,Hall of Dank,store,4,2/23/2025,2/26/2025,Vape Cartridges,Yes,4,18
82584205,Okie Orange | Hybrid | 0.5g SHO Vape | HOD,1A40E010000D035000001158,,Disposable Vape,,1A40E010000D035000001158,Okie Orange,Hall of Dank,store,2,2/23/2025,2/26/2025,Vape Cartridges,Yes,2,18
58832730,Greasy Grape | Indica | 0.5g SHO Vape | HOD,1A40E010000D035000001159,,Disposable Vape,,1A40E010000D035000001159,Greasy Grape,Hall of Dank,store,1,2/23/2025,2/26/2025,Vape Cartridges,Yes,1,18
55983522,Strelka | Sativa  | Flower | HOD,1A40E010000D035000001160,,Flower,,1A40E010000D035000001160,Strelka,Hall of Dank,store,47.5 g,2/23/2025,2/26/2025,Flower,Yes,47.5,225
98694254,Mikes Strawberry Lemonade | Hybrid | Flower | HOD,1A40E010000D035000001161,,Flower,,1A40E010000D035000001161,Mike's Strawberry Lemonade,Hall of Dank,store,0 g,2/23/2025,2/26/2025,Flower,Yes,0,225
50859878,Scotty 2 Hotty | Indica Hybrid | Flower | HOD,1A40E010000D035000001162,,Flower,,1A40E010000D035000001162,Scotty 2 Hotty,Hall of Dank,store,13 g,2/23/2025,2/26/2025,Flower,Yes,13,225
02966396,Shockwave | Indica  | Flower | HOD,1A40E010000D035000001163,In production,Flower,Flower,1A40E010000D035000001163,Shockwave,Hall of Dank,store,49.5 g,2/23/2025,2/26/2025,Flower,Yes,49.5,0
09524332,JUICE POP DIAMONDS 2G | CCE,1A40E010000E22D000004148,,BHO,,1A40E010000E22D000004148,No Strain,CARTER COUNTY EXTRACTS,store,9,5/14/2025,5/13/2025,Concentrates,Yes,9,15
46850765,DULCE DE UVA LIVE RESIN 2G | CCE,1A40E010000E22D000004149,,BHO,,1A40E010000E22D000004149,No Strain,CARTER COUNTY EXTRACTS,store,10,5/14/2025,5/13/2025,Concentrates,Yes,10,12
19473841,CANDY BELTZ LIVE RESIN 2G | CCE,1A40E010000E22D000004150,,BHO,,1A40E010000E22D000004150,No Strain,CARTER COUNTY EXTRACTS,store,9,5/14/2025,5/13/2025,Concentrates,Yes,9,24
81444883,JUICE POP LIVE RESIN BADDER 2G | CCE,1A40E010000E22D000004151,,BHO,,1A40E010000E22D000004151,No Strain,CARTER COUNTY EXTRACTS,store,10,5/14/2025,5/13/2025,Concentrates,Yes,10,12
04354146,SUPER NASTY LEMON JUICE CURED RESIN 2G | CCE,1A40E010000E22D000004152,,BHO,,1A40E010000E22D000004152,No Strain,CARTER COUNTY EXTRACTS,store,10,5/14/2025,5/13/2025,Concentrates,Yes,10,10
29208160,STRAWBERRY ZILLOW CURED RESIN 2G | CCE,1A40E010000E22D000004153,,BHO,,1A40E010000E22D000004153,No Strain,CARTER COUNTY EXTRACTS,store,9,5/14/2025,5/13/2025,Concentrates,Yes,9,10
79710804,TROPICANNA PIE CURED RESIN 2G | CCE,1A40E010000E22D000004154,,BHO,,1A40E010000E22D000004154,No Strain,CARTER COUNTY EXTRACTS,store,10,5/14/2025,5/13/2025,Concentrates,Yes,10,10
64792396,Pink Sunset | Indica | Flower | Method,1A40E010001336E000014622,In production,Flower,,1A40E010001336E000014622,No Strain,Method Labs LLC,store,0 g,2/8/2025,2/25/2025,Flower,Yes,0,0
99197315,GELATO 41 | Hybrid | Flower Method,1A40E010001336E000015169,,Flower,Flower,1A40E010001336E000015169,No Strain,Method Labs LLC,store,0 g,2/8/2025,,Flower,Yes,0,0
37313534,GRAMMIES BLUNT PREROLL,1A40E010001336E000016334,In production,Infused Blunts,,1A40E010001336E000016334,No Strain,Method Labs LLC,store,2,2/8/2025,2/25/2025,Concentrates,Yes,2,0
46809955,Tropic Gelato | Indica | Grammies Bleezies | Method,1A40E010001336E000019105,,Infused Blunts,,1A40E010001336E000019105,Tropic Gelato,Method Labs LLC,store,0,3/15/2025,3/14/2025,Concentrates,Yes,0,10
50227232,Whoopie Pie | Indica | Grammies Bleezies | Method,1A40E010001336E000019106,,Infused Blunts,,1A40E010001336E000019106,Whoopie Pie,Method Labs LLC,store,0,3/15/2025,3/14/2025,Concentrates,Yes,0,10
58410695,Yuzu Sherbert | Hybrid | Grammies Bleezies | Method,1A40E010001336E000019107,,Infused Blunts,,1A40E010001336E000019107,Yuzu Sherbert,Method Labs LLC,store,0,3/15/2025,3/14/2025,Concentrates,Yes,0,10
11173462,MAI TAI TARTZ| METHOD BLUNTZ,1A40E010001336E000020869,,Infused Blunts,,1A40E010001336E000020869,No Strain,Method Labs LLC,store,6,4/18/2025,4/17/2025,Concentrates,Yes,6,10
60684521,TROPICANA CHERRY | METHOD BLUNTZ,1A40E010001336E000020870,,Infused Blunts,,1A40E010001336E000020870,No Strain,Method Labs LLC,store,12,4/18/2025,4/17/2025,Concentrates,Yes,12,10
71347991,WEDDING FUNK| METHOD BLUNTZ,1A40E010001336E000020871,,Infused Blunts,,1A40E010001336E000020871,No Strain,Method Labs LLC,store,4,4/18/2025,4/17/2025,Concentrates,Yes,4,10
56895476,Strawberry | Infused | Pre-Roll | Hu$hie$,1A40E010001511D000008209,,Infused Pre-Rolls,Infused Pre-Roll,1A40E010001511D000008209,Multi Harvest,"Banger Willis, LLC",store,0,1/14/2025,2/21/2025,Concentrates,Yes,0,4
36853976,Grape | Infused | Pre-Roll | Hu$hie$,1A40E010001511D000008210,,Infused Pre-Rolls,Infused Pre-Roll,1A40E010001511D000008210,Multi Harvest,"Banger Willis, LLC",store,0,1/14/2025,2/21/2025,Concentrates,Yes,0,4
25413185,Apple| Infused | Pre-Roll | Hu$hie$,1A40E010001511D000008211,,Infused Pre-Rolls,Infused Pre-Roll,1A40E010001511D000008211,Multi Harvest,"Banger Willis, LLC",store,0,1/14/2025,2/21/2025,Concentrates,Yes,0,4
37588810,Orange Cream | Infused | Pre-Roll | Hu$hie$,1A40E010001511D000008212,,Infused Pre-Rolls,Infused Pre-Roll,1A40E010001511D000008212,Multi Harvest,"Banger Willis, LLC",store,0,1/14/2025,2/21/2025,Concentrates,Yes,0,4
72560975,Pineapple| Infused | Pre-Roll | Hu$hie$,1A40E010001511D000008213,,Infused Pre-Rolls,Infused Pre-Roll,1A40E010001511D000008213,Multi Harvest,"Banger Willis, LLC",store,0,1/14/2025,2/21/2025,Concentrates,Yes,0,4
25413185,Apple| Infused | Pre-Roll | Hu$hie$,1A40E010001511D000008698,,Infused Pre-Rolls,Infused Pre-Roll,1A40E010001511D000008698,Multi Harvest,"Banger Willis, LLC",store,14,4/17/2025,4/17/2025,Concentrates,Yes,14,4
27549641,CHERRY INFUSED | PRE-ROLL | Hu$hie$,1A40E010001511D000008699,,Infused Pre-Rolls,Infused Pre-Roll,1A40E010001511D000008699,Multi Harvest,"Banger Willis, LLC",store,0,4/17/2025,4/17/2025,Concentrates,Yes,0,4
50723253,BLUEBERRY INFUSED | PRE-ROLL | Hu$hie$,1A40E010001511D000008700,,Infused Pre-Rolls,Infused Pre-Roll,1A40E010001511D000008700,Multi Harvest,"Banger Willis, LLC",store,0,4/17/2025,4/17/2025,Concentrates,Yes,0,4
20380940,WATERMELON | INFUSED PRE-ROLL | Hu$hie$,1A40E010001511D000008701,,Infused Pre-Rolls,Infused Pre-Roll,1A40E010001511D000008701,Multi Harvest,"Banger Willis, LLC",store,0,4/17/2025,4/17/2025,Concentrates,Yes,0,4
18504171,3.5 G | HUSH PUPPIES | HU$HIES,1A40E010001511D000008848,,Infused Non-Edible,,1A40E010001511D000008848,No Strain,"Banger Willis, LLC",store,9,5/24/2025,5/23/2025,Infused Non-Edible,Yes,9,9
05770425,GRAPE INFUSED | PRE-ROLL | Hu$hie$,1A40E010001511D000008849,,Infused Pre-Rolls,Infused Pre-Roll,1A40E010001511D000008849,Multi Harvest,"Banger Willis, LLC",store,2,5/24/2025,5/23/2025,Concentrates,Yes,2,4
25413185,Apple| Infused | Pre-Roll | Hu$hie$,1A40E010001511D000009235,In production,Infused Pre-Rolls,Infused Pre-Roll,1A40E010001511D000009235,Multi Harvest,"Banger Willis, LLC",store,50,6/20/2025,6/20/2025,Concentrates,Yes,50,4
05770425,GRAPE INFUSED | PRE-ROLL | Hu$hie$,1A40E010001511D000009236,In production,Infused Pre-Rolls,Infused Pre-Roll,1A40E010001511D000009236,Multi Harvest,"Banger Willis, LLC",store,50,6/20/2025,6/20/2025,Concentrates,Yes,50,4
05770425,GRAPE INFUSED | PRE-ROLL | Hu$hie$,1A40E010001511D000009237,In production,Infused Pre-Rolls,Infused Pre-Roll,1A40E010001511D000009237,Multi Harvest,"Banger Willis, LLC",store,10,6/20/2025,6/20/2025,Concentrates,Yes,10,2.5
50723253,BLUEBERRY INFUSED | PRE-ROLL | Hu$hie$,1A40E010001511D000009238,In production,Infused Pre-Rolls,Infused Pre-Roll,1A40E010001511D000009238,Multi Harvest,"Banger Willis, LLC",store,49,6/20/2025,6/20/2025,Concentrates,Yes,49,4
20380940,WATERMELON | INFUSED PRE-ROLL | Hu$hie$,1A40E010001511D000009239,In production,Infused Pre-Rolls,Infused Pre-Roll,1A40E010001511D000009239,Multi Harvest,"Banger Willis, LLC",store,46,6/20/2025,6/20/2025,Concentrates,Yes,46,4
27549641,CHERRY INFUSED | PRE-ROLL | Hu$hie$,1A40E010001511D000009240,In production,Infused Pre-Rolls,Infused Pre-Roll,1A40E010001511D000009240,Multi Harvest,"Banger Willis, LLC",store,49,6/20/2025,6/20/2025,Concentrates,Yes,49,4
96586529,Hushies Pre-Roll Orange Cream,1A40E010001511D000009241,In production,Infused Pre-Rolls,,1A40E010001511D000009241,No Strain,"Banger Willis, LLC",store,48,6/20/2025,6/20/2025,Concentrates,Yes,48,4
15535098,Hushies Pre-Roll Pineapple,1A40E010001511D000009242,In production,Infused Pre-Rolls,,1A40E010001511D000009242,No Strain,"Banger Willis, LLC",store,49,6/20/2025,6/20/2025,Concentrates,Yes,49,4
18504171,3.5 G | HUSH PUPPIES | HU$HIES,1A40E010001511D000009243,In production,Infused Non-Edible,Pre Pack Flower,1A40E010001511D000009243,No Strain,"Banger Willis, LLC",store,55,6/20/2025,6/20/2025,Infused Non-Edible,Yes,55,9
49027451,BLUEBERRY MUFFIN | INDICA | FLOWER | DC PREMIER,1A40E0100015379000011610,,Flower,,1A40E0100015379000011610,Blueberry Muffins,DC PREMIER,store,0 g,4/5/2025,4/4/2025,Flower,Yes,0,0
15924080,SHERBERT GMO | INDICA HYBRID | FLOWER | DC PREMIER,1A40E0100015379000011611,,Flower,,1A40E0100015379000011611,SHERBERT GMO,DC PREMIER,store,0 g,4/5/2025,4/4/2025,Flower,Yes,0,2
71356308,SUPERBOOF | HYBRID | FLOWER | DC PREMIER,1A40E0100015379000011612,,Flower,,1A40E0100015379000011612,SUPERBOOF,DC PREMIER,store,0 g,4/5/2025,4/4/2025,Flower,Yes,0,2
31244606,Tropicana Banana  | Sativa | Pre-Roll | Pott County Boys,1A40E01000167CD000008929,,Pre-Rolls,Pre-Roll,1A40E01000167CD000008929,Tropicana Banana,All Gas No Breaks Industries LLC,store,0,8/20/2024,2/21/2025,Flower,Yes,0,0.01
50882954,Big Apple | Hybrid | Pre-Roll | House of Dankness,1A40E01000167CD000008932,,Pre-Rolls,Pre-Roll,1A40E01000167CD000008932,Big Apple,All Gas No Breaks Industries LLC,store,1,8/20/2024,2/21/2025,Flower,Yes,1,0.09
70536473,Red Velvet Pancakes | Sativa | Pre-Roll | House of Dankness,1A40E01000167CD000008936,,Pre-Rolls,Pre-Roll,1A40E01000167CD000008936,Red Velvet Pancakes,All Gas No Breaks Industries LLC,store,1,8/20/2024,2/21/2025,Flower,Yes,1,0.09
50839702,Biscotti Cake | Sativa | Pre-Roll | House of Dankness,1A40E01000167CD000008937,,Pre-Rolls,Pre-Roll,1A40E01000167CD000008937,Biscotti Cake,All Gas No Breaks Industries LLC,store,2,8/20/2024,2/21/2025,Flower,Yes,2,0.09
22285440,DONNY BURGER | INDICA | INFUSED PREROLL | SESH,1A40E0100016F3B000012634,,Infused Pre-Rolls,,1A40E0100016F3B000012634,DONNY BURGER,SESH CONFIDENTIAL LLC,store,0,4/16/2025,4/15/2025,Concentrates,Yes,0,2
68597908,SOUR DURBAN | SATIVA | INFUSED PRE ROLL | SESH,1A40E0100016F3B000012635,,Infused Pre-Rolls,,1A40E0100016F3B000012635,SOUR DURBAN,SESH CONFIDENTIAL LLC,store,0,4/16/2025,4/15/2025,Concentrates,Yes,0,2
66482373,PEACH PIE | INFUSED PRE-ROLL SESH,1A40E0100016F3B000015310,,Infused Pre-Rolls,,1A40E0100016F3B000015310,No Strain,SESH CONFIDENTIAL LLC,store,17,6/21/2025,6/20/2025,Concentrates,Yes,17,0
68597908,SOUR DURBAN | SATIVA | INFUSED PRE ROLL | SESH,1A40E0100016F3B000015311,In production,Infused Pre-Rolls,Infused Pre-Roll,1A40E0100016F3B000015311,No Strain,SESH CONFIDENTIAL LLC,store,24,6/21/2025,6/20/2025,Concentrates,Yes,24,2
22855864,CADILLAC RAINBOW | FLOWER | C 3 MEDICAL,1A40E0100017573000005176,,Flower,,1A40E0100017573000005176,CADILLAC RAINBOW,C 3 MEDICAL,store,0 g,5/12/2025,5/12/2025,Flower,Yes,0,0
10309640,CONCRETE CRACK | FLOWER | C 3 MEDICAL,1A40E0100017573000005177,,Flower,,1A40E0100017573000005177,CONCRETE CRACK,C 3 MEDICAL,store,58.5 g,5/12/2025,5/12/2025,Flower,Yes,58.5,0
43022334,DANTES INFERNO | FLOWER | C 3 MEDICAL,1A40E0100017573000005178,,Flower,,1A40E0100017573000005178,DANTES INFERNO,C 3 MEDICAL,store,54 g,5/12/2025,5/12/2025,Flower,Yes,54,0
22725508,PERMANENT GAS | FLOWER | C 3 MEDICAL,1A40E0100017573000005179,,Flower,,1A40E0100017573000005179,PERMANENT GAS,C 3 MEDICAL,store,70 g,5/12/2025,5/12/2025,Flower,Yes,70,0
08045671,PABLOS PINEAPPLE | FLOWER | C 3 MEDICAL,1A40E0100017573000005180,,Flower,,1A40E0100017573000005180,PABLOS PINEAPPLE,C 3 MEDICAL,store,71 g,5/12/2025,5/12/2025,Flower,Yes,71,0
17565525,SOUR COOKIES | FLOWER | C 3 MEDICAL,1A40E0100017573000005181,,Flower,,1A40E0100017573000005181,SOUR COOKIES,C 3 MEDICAL,store,56.5 g,5/12/2025,5/12/2025,Flower,Yes,56.5,0
80457844,BAD APPLE | PRE ROLL | C 3 MEDICAL,1A40E0100017573000005182,,Pre-Rolls,,1A40E0100017573000005182,BAD APPLE,C 3 MEDICAL,store,36,5/12/2025,5/12/2025,Flower,Yes,36,0
78546365,BLUE SLURPEE | PRE ROLL | C 3 MEDICAL,1A40E0100017573000005183,,Pre-Rolls,,1A40E0100017573000005183,BLUE SUNSET SHERBERT,C 3 MEDICAL,store,44,5/12/2025,5/12/2025,Flower,Yes,44,0
86470586,CANDY KING | PRE ROLL | C 3 MEDICAL,1A40E0100017573000005184,,Pre-Rolls,,1A40E0100017573000005184,COUNTRY CANDY,C 3 MEDICAL,store,41,5/12/2025,5/12/2025,Flower,Yes,41,0
16637436,CREAM CAKE | PRE ROLL | C 3 MEDICAL,1A40E0100017573000005185,,Pre-Rolls,,1A40E0100017573000005185,CREAM CAKE,C 3 MEDICAL,store,43,5/12/2025,5/12/2025,Flower,Yes,43,0
47993543,FROZEN LEMON GRUNTZ | PRE ROLL | C 3 MEDICAL,1A40E0100017573000005186,,Pre-Rolls,,1A40E0100017573000005186,FROZEN LEMON GRUNTZ,C 3 MEDICAL,store,38,5/12/2025,5/12/2025,Flower,Yes,38,0
10108921,GASTRO RUNTZ | PRE ROLL | C 3 MEDICAL,1A40E0100017573000005187,,Pre-Rolls,,1A40E0100017573000005187,GASTRO RUNTZ,C 3 MEDICAL,store,44,5/12/2025,5/12/2025,Flower,Yes,44,0
10975658,HOLY HIGH | PRE ROLL | C 3 MEDICAL,1A40E0100017573000005188,,Pre-Rolls,,1A40E0100017573000005188,HOLY HIGH,C 3 MEDICAL,store,34,5/12/2025,5/12/2025,Flower,Yes,34,0
69964682,KILLER HAZE | PRE ROLL | C 3 MEDICAL,1A40E0100017573000005189,,Pre-Rolls,,1A40E0100017573000005189,KILLER HAZE,C 3 MEDICAL,store,45,5/12/2025,5/12/2025,Flower,Yes,45,0
23489246,KING OF THE JUNGLE | PRE ROLL | C 3 MEDICAL,1A40E0100017573000005190,,Pre-Rolls,,1A40E0100017573000005190,KING OF THE JUNGE,C 3 MEDICAL,store,39,5/12/2025,5/12/2025,Flower,Yes,39,0
29129593,SOUR COOKIE | PRE ROLL | C 3 MEDICAL,1A40E0100017573000005191,,Pre-Rolls,,1A40E0100017573000005191,SOUR COOKIES,C 3 MEDICAL,store,46,5/12/2025,5/12/2025,Flower,Yes,46,0
83198346,STUCK ON YOU | PRE ROLL | C 3 MEDICAL,1A40E0100017573000005192,,Pre-Rolls,,1A40E0100017573000005192,STUCK ON YOU,C 3 MEDICAL,store,40,5/12/2025,5/12/2025,Flower,Yes,40,0
42447350,ZOO BERRY BREATH | PRE ROLL | C 3 MEDICAL,1A40E0100017573000005193,,Pre-Rolls,,1A40E0100017573000005193,ZOO BERRY BREATH,C 3 MEDICAL,store,46,5/12/2025,5/12/2025,Flower,Yes,46,0
70747310,FIRST CLASS FUNK | PRE ROLL | C 3 MEDICAL,1A40E0100017573000005194,,Pre-Rolls,,1A40E0100017573000005194,FIRST CLASS FUNK,C 3 MEDICAL,store,46,5/12/2025,5/12/2025,Flower,Yes,46,0
02049938,BAD GIRL | PRE ROLL | C 3 MEDICAL,1A40E0100017573000005195,,Pre-Rolls,,1A40E0100017573000005195,BAD GIRL,C 3 MEDICAL,store,39,5/12/2025,5/12/2025,Flower,Yes,39,0
21143882,CADILLAC RAINBOW | PRE ROLL | C 3 MEDICAL,1A40E0100017573000005196,,Pre-Rolls,,1A40E0100017573000005196,CADILLAC RAINBOW,C 3 MEDICAL,store,38,5/12/2025,5/12/2025,Flower,Yes,38,0
42241737,DAILY GRAPE | PRE ROLL | C 3 MEDICAL,1A40E0100017573000005197,,Pre-Rolls,,1A40E0100017573000005197,DAILY GRAPE,C 3 MEDICAL,store,44,5/12/2025,5/12/2025,Flower,Yes,44,0
90067767,DANTES INFERNO | PRE ROLL | C 3 MEDICAL,1A40E0100017573000005198,,Pre-Rolls,,1A40E0100017573000005198,DANTES INFERNO,C 3 MEDICAL,store,42,5/12/2025,5/12/2025,Flower,Yes,42,0
45727666,DREAMSICLE | PRE ROLL | C 3 MEDICAL,1A40E0100017573000005199,,Pre-Rolls,,1A40E0100017573000005199,THE DREAMSICLE,C 3 MEDICAL,store,38,5/12/2025,5/12/2025,Flower,Yes,38,0
10402962,DROIDZ | PRE ROLL | C 3 MEDICAL,1A40E0100017573000005200,,Pre-Rolls,,1A40E0100017573000005200,DROIDZ,C 3 MEDICAL,store,37,5/12/2025,5/12/2025,Flower,Yes,37,0
66354078,GHOST TRAIN HAZE | PRE ROLL | C 3 MEDICAL,1A40E0100017573000005201,,Pre-Rolls,,1A40E0100017573000005201,GHOST TRAIN HAZE,C 3 MEDICAL,store,0,5/12/2025,5/12/2025,Flower,Yes,0,0
38510086,LEMON CHERRY FUNK | PRE ROLL | C 3 MEDICAL,1A40E0100017573000005202,,Pre-Rolls,,1A40E0100017573000005202,LEMON CHERRY FUNK,C 3 MEDICAL,store,43,5/12/2025,5/12/2025,Flower,Yes,43,0
29136335,MAPLE PANCAKES | PRE ROLL | C 3 MEDICAL,1A40E0100017573000005203,,Pre-Rolls,,1A40E0100017573000005203,MAPLE PANCAKE,C 3 MEDICAL,store,40,5/12/2025,5/12/2025,Flower,Yes,40,0
32810803,SUPER BOOF | PRE ROLL | C 3 MEDICAL,1A40E0100017573000005204,,Pre-Rolls,,1A40E0100017573000005204,SUPERBOOF,C 3 MEDICAL,store,16,5/12/2025,5/12/2025,Flower,Yes,16,0
58737720,TROPICANNA COOKIES | PRE ROLL | C 3 MEDICAL,1A40E0100017573000005205,,Pre-Rolls,,1A40E0100017573000005205,SUPERBOOF,C 3 MEDICAL,store,38,5/12/2025,5/12/2025,Flower,Yes,38,0
31319014,BLUE NERDZ,1A40E0100017573000005636,,Flower,,1A40E0100017573000005636,No Strain,C 3 MEDICAL,store,15,6/28/2025,6/28/2025,Flower,Yes,15,30
63799168,CADILLAC RAINBOW,1A40E0100017573000005637,,Flower,,1A40E0100017573000005637,No Strain,C 3 MEDICAL,store,16,6/28/2025,6/28/2025,Flower,Yes,16,30
34947753,DAILY GRAPE,1A40E0100017573000005638,,Flower,,1A40E0100017573000005638,No Strain,C 3 MEDICAL,store,15,6/28/2025,6/28/2025,Flower,Yes,15,30
59240561,GRANDPA'S STASH,1A40E0100017573000005639,,Flower,,1A40E0100017573000005639,No Strain,C 3 MEDICAL,store,15,6/28/2025,6/28/2025,Flower,Yes,15,30
87391019,HOLY WATER,1A40E0100017573000005640,,Flower,,1A40E0100017573000005640,No Strain,C 3 MEDICAL,store,15,6/28/2025,6/28/2025,Flower,Yes,15,30
54950338,SKYWALKER OG,1A40E0100017573000005641,,Flower,,1A40E0100017573000005641,No Strain,C 3 MEDICAL,store,16,6/28/2025,6/28/2025,Flower,Yes,16,30
62275050,SOUR COOKIES,1A40E0100017573000005642,,Flower,,1A40E0100017573000005642,No Strain,C 3 MEDICAL,store,15,6/28/2025,6/28/2025,Flower,Yes,15,30
53794604,Dough Nutty | Sativa |  Flower | Diamond Dust,1A40E01000183E8000000157,,Flower,Flower,1A40E01000183E8000000157,Dough Nutty,"Diamond Dust Farms, LLC",store,2.6 g,1/7/2025,2/21/2025,Flower,Yes,2.6,2.22
40884364,Nothing But Net | Indica | Flower | Diamond Dust,1A40E01000183E8000000158,,Flower,Flower,1A40E01000183E8000000158,Nothing But Net,"Diamond Dust Farms, LLC",store,42 g,1/7/2025,2/21/2025,Flower,Yes,42,2.21
03364080,Frosty Frappe | Indica |  Flower | Diamond Dust,1A40E01000183E8000000189,,Flower,Flower,1A40E01000183E8000000189,Frosty Frappe,"Diamond Dust Farms, LLC",store,0 g,1/7/2025,2/21/2025,Flower,Yes,0,2.21
71126722,Pluto | Indica | Flower | Diamond Dust,1A40E01000183E8000000190,,Flower,Flower,1A40E01000183E8000000190,Pluto,"Diamond Dust Farms, LLC",store,0 g,1/7/2025,2/21/2025,Flower,Yes,0,2
71126722,Pluto | Indica | Flower | Diamond Dust,1A40E01000183E8000000198,,Flower,Flower,1A40E01000183E8000000198,Pluto,"Diamond Dust Farms, LLC",store,0 g,2/8/2025,2/21/2025,Flower,Yes,0,2
53794604,Dough Nutty | Sativa |  Flower | Diamond Dust,1A40E01000183E8000000199,,Flower,Flower,1A40E01000183E8000000199,Dough Nutty,"Diamond Dust Farms, LLC",store,65.6 g,2/8/2025,2/21/2025,Flower,Yes,65.6,2.22
71126722,Pluto | Indica | Flower | Diamond Dust,1A40E01000183E8000000200,,Flower,Flower,1A40E01000183E8000000200,Pluto,"Diamond Dust Farms, LLC",store,0 g,3/22/2025,3/22/2025,Flower,Yes,0,2
98029618,Gary Payton | Hybrid |  Pre-Roll | Nugz,1A40E01000185E4000005000,,Pre-Rolls,Pre-Roll,1A40E01000185E4000005000,No Strain,Grassfire LLC,store,1 g,1/23/2025,2/21/2025,Flower,Yes,1,3.5
45852623,Apples & Bananas | Hybrid |  Pre-Roll | Nugz,1A40E01000185E4000005133,,Pre-Rolls,Pre-Roll,1A40E01000185E4000005133,APPLES & BANANAS,Grassfire LLC,store,1 g,1/23/2025,2/21/2025,Flower,Yes,1,5
85342758,Gary Payton | Hybrid |  Pre-Roll | Nugz,1A40E01000185E4000005134,,Pre-Rolls,Pre-Roll,1A40E01000185E4000005134,No Strain,Grassfire LLC,store,1 g,1/23/2025,2/21/2025,Flower,Yes,1,3.5
45852623,Apples & Bananas | Hybrid |  Pre-Roll | Nugz,1A40E01000185E4000005135,,Pre-Rolls,Pre-Roll,1A40E01000185E4000005135,APPLES & BANANAS,Grassfire LLC,store,1 g,1/23/2025,2/21/2025,Flower,Yes,1,5
98029618,Gary Payton | Hybrid |  Pre-Roll | Nugz,1A40E01000185E4000005136,,Pre-Rolls,Pre-Roll,1A40E01000185E4000005136,No Strain,Grassfire LLC,store,2 g,1/23/2025,2/21/2025,Flower,Yes,2,3.5
64749001,GARY PAYTON | TWO 1.2 G PREROLLS | NUGZ,1A40E01000185E4000005401,,Infused Pre-Rolls,,1A40E01000185E4000005401,GARY PAYTON,Grassfire LLC,store,0,5/10/2025,5/9/2025,Concentrates,Yes,0,3.5
18760939,The Fizz | Hybrid | Dab | 77 Extracts,1A40E0100019327000000688,,BHO,Dabs,1A40E0100019327000000688,The Fizz,Life of Riley LLC,store,0,1/14/2025,2/21/2025,Concentrates,Yes,0,3
90538813,Sugar Biscuit | Indica | Dab | 77 Extracts,1A40E0100019327000000689,,BHO,Dabs,1A40E0100019327000000689,Sugar Biscuit,Life of Riley LLC,store,1,1/14/2025,2/21/2025,Concentrates,Yes,1,10
67107832,Chronic Widow | Indica | Dab | 77 Extracts,1A40E0100019327000000690,,BHO,Dabs,1A40E0100019327000000690,Chronic Widow,Life of Riley LLC,store,0,1/14/2025,2/21/2025,Concentrates,Yes,0,3
80059803,Karamel Kut Throat | Indica | Pre-Roll | Jubel,1A40E010002CF89000002866,,Pre-Rolls,Pre-Roll,1A40E010002CF89000002866,Karamel Kut Throat,Jubel LLC,store,0,10/26/2024,2/21/2025,Flower,Yes,0,0.01
02389876,THUNDER KATS | INFUSED PRE ROLL SINGLES | THUNDER WALKER,1A40E0100030C79000000030,,Infused Pre-Rolls,,1A40E0100030C79000000030,No Strain,PROUD MARY CANNABIS,store,0,3/30/2025,3/31/2025,Concentrates,Yes,0,2.5
37942110,LEMON | INFUSED PRE ROLL SINGLE | THUNDER WALKER,1A40E0100030C79000000032,,Infused Pre-Rolls,,1A40E0100030C79000000032,No Strain,PROUD MARY CANNABIS,store,0,3/30/2025,3/31/2025,Concentrates,Yes,0,2.5
49940478,LEMON | INFUSED PRE ROLL 5 PACK | THUNDER WALKER,1A40E0100030C79000000033,,Infused Pre-Rolls,,1A40E0100030C79000000033,No Strain,PROUD MARY CANNABIS,store,0,3/30/2025,3/31/2025,Concentrates,Yes,0,10
58381934,CHOCOLATE | INFUSED PRE ROLL SINGLES | THUNDER WALKER,1A40E0100030C79000000034,,Infused Pre-Rolls,,1A40E0100030C79000000034,No Strain,PROUD MARY CANNABIS,store,0,3/30/2025,3/31/2025,Concentrates,Yes,0,2.5
46879668,CHOCOLATE | INFUSED PRE ROLL 5 PACK | THUNDER WALKER,1A40E0100030C79000000035,,Infused Pre-Rolls,,1A40E0100030C79000000035,No Strain,PROUD MARY CANNABIS,store,1,3/30/2025,3/31/2025,Concentrates,Yes,1,10
63751577,WATERMELON | INFUSED PRE ROLL SINGLE | THUNDER WALKER,1A40E0100030C79000000036,,Infused Pre-Rolls,,1A40E0100030C79000000036,No Strain,PROUD MARY CANNABIS,store,0,3/30/2025,3/31/2025,Concentrates,Yes,0,2.5
77926235,THUINDER KATS | INFUSED PRE ROLL 5 PACK | THUNDER WALKER,1A40E0100030C79000000037,,Infused Pre-Rolls,,1A40E0100030C79000000037,No Strain,PROUD MARY CANNABIS,store,0,3/30/2025,3/31/2025,Concentrates,Yes,0,10
26665060,BERRY | INFUSED PRE ROLL SINGLE | THUNDER WALKER,1A40E0100030C79000000038,,Infused Pre-Rolls,,1A40E0100030C79000000038,No Strain,PROUD MARY CANNABIS,store,0,3/30/2025,3/31/2025,Concentrates,Yes,0,2.5
86124264,BERRY | INFUSED PRE ROLL 5 PACK | THUNDER WALKER,1A40E0100030C79000000039,,Infused Pre-Rolls,,1A40E0100030C79000000039,No Strain,PROUD MARY CANNABIS,store,0,3/30/2025,3/31/2025,Concentrates,Yes,0,10
71816400,WATERMELON | INFUSED PRE ROLL 5 PACK | THUNDER WALKER,1A40E0100030C79000000040,,Infused Pre-Rolls,,1A40E0100030C79000000040,No Strain,PROUD MARY CANNABIS,store,0,3/30/2025,3/31/2025,Concentrates,Yes,0,10
89538737,Alderpoint Sour | Sativa | SHO | Chill,1A40E0100032AF5000004479,,SHO,SHO,1A40E0100032AF5000004479,Alderpoint Sour,Corner Booth LLC,store,0,2/13/2025,2/21/2025,Concentrate,Yes,0,25
06918345,Pointbreak | Sativa | SHO | Chill,1A40E0100032AF5000004480,,SHO,SHO,1A40E0100032AF5000004480,Pointbreak,Corner Booth LLC,store,0,2/13/2025,2/21/2025,Concentrate,Yes,0,25
22929827,Sour Candylope | Sativa | SHO | Chill,1A40E0100032AF5000004481,,SHO,SHO,1A40E0100032AF5000004481,Alderpoint Sour,Corner Booth LLC,store,0,2/13/2025,2/21/2025,Concentrate,Yes,0,25
39096312,Tally Mon | Hybrid | SHO | Chill,1A40E0100032AF5000004482,,SHO,SHO,1A40E0100032AF5000004482,Tally Mon,Corner Booth LLC,store,0,2/13/2025,2/21/2025,Concentrate,Yes,0,25
81252988,Joker | Sativa | Infused Blunt | House of Dankness,1A40E010003A4D1000000294,,Infused Blunts,,1A40E010003A4D1000000294,No Strain,House of Dankness,store,0,8/21/2024,2/21/2025,Concentrates,Yes,0,0.3
05824122,Spice Blunt | Hybrid | Infused Blunt  | House of Dankness,1A40E010003A4D1000000296,,Infused Blunts,,1A40E010003A4D1000000296,Spice Blunt,House of Dankness,store,0,8/21/2024,2/21/2025,Concentrates,Yes,0,0.3
49010150,Strawberry Glue | Hybrid | Infused Blunt  | House of Dankness,1A40E010003A4D1000000297,,Infused Blunts,,1A40E010003A4D1000000297,Strawberry Glue Blunt,House of Dankness,store,0,8/21/2024,2/21/2025,Concentrates,Yes,0,0.3
68766480,Designer Runtz | Hybrid | Infused Blunt  | House of Dankness,1A40E010003A4D1000000298,,Infused Blunts,,1A40E010003A4D1000000298,Designer Runtz,House of Dankness,store,4,8/21/2024,2/21/2025,Concentrates,Yes,4,0.3
38381361,Dior | Hybrid | Infused 5pk  | House of Dankness,1A40E010003A4D1000000299,,Infused Pre-Rolls,,1A40E010003A4D1000000299,Dior,House of Dankness,store,0,8/21/2024,2/21/2025,Concentrates,Yes,0,0.3
